School Name,School Latitude,School Longitude,Stop ID,Stop Latitude,Stop Longitude,Distance (miles)
"Burton, Phillip And Sala Burton High School",37.721546,-122.406555,5337,37.721096,-122.403067,0.1935850799983027
"Burton, Phillip And Sala Burton High School",37.721546,-122.406555,5338,37.720926,-122.403124,0.19276116295920495
"Burton, Phillip And Sala Burton High School",37.721546,-122.406555,5339,37.719581,-122.408886,0.18620593057796195
"Burton, Phillip And Sala Burton High School",37.721546,-122.406555,5340,37.719376,-122.409058,0.20297761515735108
"Burton, Phillip And Sala Burton High School",37.721546,-122.406555,5341,37.720677,-122.404098,0.14734056623927072
"Burton, Phillip And Sala Burton High School",37.721546,-122.406555,5342,37.720766,-122.404338,0.13283304685709452
"Burton, Phillip And Sala Burton High School",37.721546,-122.406555,5343,37.720098,-122.406916,0.10180323446940778
"Burton, Phillip And Sala Burton High School",37.721546,-122.406555,5344,37.719892,-122.407088,0.11774882429715262
"Burton, Phillip And Sala Burton High School",37.721546,-122.406555,5351,37.720418,-122.405094,0.11161534172299639
"Burton, Phillip And Sala Burton High School",37.721546,-122.406555,5352,37.72057,-122.405152,0.10216804011218186
"Burton, Phillip And Sala Burton High School",37.721546,-122.406555,6971,37.72349,-122.40941,0.20600125487722432
"Burton, Phillip And Sala Burton High School",37.721546,-122.406555,6972,37.72338,-122.40961,0.2097786760485316
"Burton, Phillip And Sala Burton High School",37.721546,-122.406555,6978,37.72374,-122.40841,0.18226955618708165
"Burton, Phillip And Sala Burton High School",37.721546,-122.406555,6979,37.72362,-122.40864,0.1830455728420945
"Washington, George Washington High School",37.777905,-122.491013,3053,37.776222,-122.487551,0.22223529054785912
"Washington, George Washington High School",37.777905,-122.491013,3054,37.776088,-122.487769,0.21734443087395325
"Washington, George Washington High School",37.777905,-122.491013,3055,37.776114,-122.489958,0.13635488153222045
"Washington, George Washington High School",37.777905,-122.491013,3056,37.775989,-122.489912,0.14523737887473875
"Washington, George Washington High School",37.777905,-122.491013,3057,37.776024,-122.491838,0.1373639159308872
"Washington, George Washington High School",37.777905,-122.491013,3058,37.77589,-122.492056,0.1502409617824483
"Washington, George Washington High School",37.777905,-122.491013,3059,37.775791,-122.494199,0.22732006179977135
"Washington, George Washington High School",37.777905,-122.491013,3060,37.775898,-122.494577,0.23921309320421424
"Washington, George Washington High School",37.777905,-122.491013,3550,37.779939,-122.492296,0.1568784641502115
"Washington, George Washington High School",37.777905,-122.491013,3551,37.777861,-122.493249,0.12243795273010061
"Washington, George Washington High School",37.777905,-122.491013,3552,37.777692,-122.493077,0.11393604102841767
"Washington, George Washington High School",37.777905,-122.491013,3553,37.776032,-122.492973,0.16792335717763518
"Washington, George Washington High School",37.777905,-122.491013,3554,37.775997,-122.493133,0.1754534364828413
"Washington, George Washington High School",37.777905,-122.491013,3557,37.779815,-122.493227,0.17899804010297277
"Washington, George Washington High School",37.777905,-122.491013,3558,37.779815,-122.493388,0.18507884484535994
"Washington, George Washington High School",37.777905,-122.491013,3559,37.779548,-122.493215,0.16543668985064988
"Washington, George Washington High School",37.777905,-122.491013,3560,37.779566,-122.493376,0.17278449915952176
"Washington, George Washington High School",37.777905,-122.491013,4271,37.780005,-122.487806,0.22758376196226127
"Washington, George Washington High School",37.777905,-122.491013,4272,37.779862,-122.488046,0.21117501546320674
"Washington, George Washington High School",37.777905,-122.491013,4273,37.779959,-122.489972,0.152690885373739
"Washington, George Washington High School",37.777905,-122.491013,4274,37.779727,-122.49019,0.13349041572764153
"Washington, George Washington High School",37.777905,-122.491013,4275,37.779629,-122.491714,0.12493854802395615
"Washington, George Washington High School",37.777905,-122.491013,4277,37.779735,-122.493112,0.17067785768780547
"Washington, George Washington High School",37.777905,-122.491013,4278,37.779798,-122.493445,0.18646098894697452
"Washington, George Washington High School",37.777905,-122.491013,4279,37.779574,-122.493399,0.17409334091627368
"Washington, George Washington High School",37.777905,-122.491013,7836,37.780771,-122.490064,0.20437298026004994
"Washington, George Washington High School",37.777905,-122.491013,7837,37.777737,-122.491999,0.05520405078248685
"Lincoln, Abraham Lincoln High School",37.746594,-122.48024,3388,37.747152,-122.475834,0.2443381515011894
"Lincoln, Abraham Lincoln High School",37.746594,-122.48024,3389,37.74647,-122.47601,0.23180897656384528
"Lincoln, Abraham Lincoln High School",37.746594,-122.48024,6142,37.74855,-122.47917,0.14707630675717567
"Lincoln, Abraham Lincoln High School",37.746594,-122.48024,6143,37.74845,-122.47943,0.1354709274036438
"Lincoln, Abraham Lincoln High School",37.746594,-122.48024,6144,37.74846,-122.48131,0.14140480526890944
"Lincoln, Abraham Lincoln High School",37.746594,-122.48024,6145,37.74836,-122.48157,0.14191250348654005
"Lincoln, Abraham Lincoln High School",37.746594,-122.48024,6146,37.74838,-122.48345,0.21464891982598797
"Lincoln, Abraham Lincoln High School",37.746594,-122.48024,6147,37.748277,-122.483469,0.21152207667459316
Gateway High School / Kipp Sf Bay Academy,37.783264,-122.436691,4293,37.783428,-122.439366,0.14685697091735242
Gateway High School / Kipp Sf Bay Academy,37.783264,-122.436691,4294,37.783178,-122.439572,0.15780829291150375
Gateway High School / Kipp Sf Bay Academy,37.783264,-122.436691,4295,37.784391,-122.43305,0.21391573382248208
Gateway High School / Kipp Sf Bay Academy,37.783264,-122.436691,4414,37.780591,-122.438942,0.2217358645719476
Gateway High School / Kipp Sf Bay Academy,37.783264,-122.436691,4415,37.780591,-122.438942,0.2217358645719476
Gateway High School / Kipp Sf Bay Academy,37.783264,-122.436691,4421,37.783375,-122.439412,0.14913531439593508
Gateway High School / Kipp Sf Bay Academy,37.783264,-122.436691,4422,37.78316,-122.439526,0.15534459314503318
Gateway High School / Kipp Sf Bay Academy,37.783264,-122.436691,4434,37.785338,-122.439813,0.22284975047876898
Gateway High School / Kipp Sf Bay Academy,37.783264,-122.436691,4435,37.78515,-122.439939,0.2202853551582302
Gateway High School / Kipp Sf Bay Academy,37.783264,-122.436691,4474,37.780546,-122.438759,0.2189807289890475
Gateway High School / Kipp Sf Bay Academy,37.783264,-122.436691,4487,37.781081,-122.435515,0.16373995835435326
Gateway High School / Kipp Sf Bay Academy,37.783264,-122.436691,4488,37.780929,-122.435709,0.16977302090717863
Gateway High School / Kipp Sf Bay Academy,37.783264,-122.436691,4491,37.780876,-122.437165,0.1667254698657831
Gateway High School / Kipp Sf Bay Academy,37.783264,-122.436691,4492,37.780724,-122.43736,0.17896392711032416
Gateway High School / Kipp Sf Bay Academy,37.783264,-122.436691,4614,37.784733,-122.432921,0.22988481963577476
Gateway High School / Kipp Sf Bay Academy,37.783264,-122.436691,4615,37.783984,-122.43291,0.21283262207159
Gateway High School / Kipp Sf Bay Academy,37.783264,-122.436691,4633,37.783193,-122.432627,0.22250432057535063
Gateway High School / Kipp Sf Bay Academy,37.783264,-122.436691,4634,37.783019,-122.432699,0.21916197552765668
Gateway High School / Kipp Sf Bay Academy,37.783264,-122.436691,4760,37.783847,-122.437761,0.07104162822296933
Gateway High School / Kipp Sf Bay Academy,37.783264,-122.436691,4761,37.783624,-122.437669,0.059009893459643095
Gateway High School / Kipp Sf Bay Academy,37.783264,-122.436691,6589,37.78531,-122.439732,0.2182147605775579
Gateway High School / Kipp Sf Bay Academy,37.783264,-122.436691,6590,37.785259,-122.43943,0.20348873558597214
Gateway High School / Kipp Sf Bay Academy,37.783264,-122.436691,6607,37.78552,-122.438078,0.17312454108009045
Gateway High School / Kipp Sf Bay Academy,37.783264,-122.436691,6608,37.785402,-122.438322,0.1723721381314958
Gateway High School / Kipp Sf Bay Academy,37.783264,-122.436691,6609,37.785942,-122.434793,0.2119081067131396
Gateway High School / Kipp Sf Bay Academy,37.783264,-122.436691,6610,37.785794,-122.435028,0.1968035876713818
Galileo High School,37.803791,-122.424149,3093,37.806375,-122.423195,0.185701211007348
Galileo High School,37.803791,-122.424149,3957,37.802199,-122.424894,0.11712097799457108
Galileo High School,37.803791,-122.424149,4845,37.806348,-122.422083,0.20947664364230742
Galileo High School,37.803791,-122.424149,5059,37.804795,-122.4201,0.2321343849127579
Galileo High School,37.803791,-122.424149,5060,37.804777,-122.420261,0.22335972208965232
Galileo High School,37.803791,-122.424149,5067,37.802912,-122.419883,0.2411870171823468
Galileo High School,37.803791,-122.424149,5080,37.805633,-122.420272,0.247280757872738
Galileo High School,37.803791,-122.424149,5081,37.805705,-122.420455,0.2414236048834402
Galileo High School,37.803791,-122.424149,5459,37.805633,-122.420467,0.2381890743883604
Galileo High School,37.803791,-122.424149,5464,37.80559,-122.42189,0.1751419068518528
Galileo High School,37.803791,-122.424149,5468,37.805313,-122.423987,0.10534252522078769
Galileo High School,37.803791,-122.424149,5469,37.805241,-122.423494,0.10623234200929327
Galileo High School,37.803791,-122.424149,5472,37.805045,-122.42495,0.09695854669430859
Galileo High School,37.803791,-122.424149,5987,37.803653,-122.423231,0.05112818087710697
Galileo High School,37.803791,-122.424149,5988,37.80353,-122.42341,0.0442646961104159
Galileo High School,37.803791,-122.424149,5990,37.80167,-122.42303,0.15858004793821875
Galileo High School,37.803791,-122.424149,5991,37.801476,-122.422796,0.17599215418887018
Galileo High School,37.803791,-122.424149,5992,37.805018,-122.4237,0.08811806572930675
Galileo High School,37.803791,-122.424149,6800,37.80258,-122.42464,0.0877353423507551
Galileo High School,37.803791,-122.424149,6801,37.802431,-122.424905,0.10251427061184572
Galileo High School,37.803791,-122.424149,6806,37.804287,-122.424996,0.05760576143112084
Galileo High School,37.803791,-122.424149,6819,37.80485,-122.42546,0.10237647074869069
Galileo High School,37.803791,-122.424149,6820,37.805072,-122.42542,0.11243929280813812
Galileo High School,37.803791,-122.424149,7476,37.80484,-122.425352,0.0978143874271828
Galileo High School,37.803791,-122.424149,7529,37.803484,-122.423368,0.047694972357290255
Galileo High School,37.803791,-122.424149,7857,37.801914,-122.427955,0.24522572792009062
