STOPID,NAMELSAD
5351,Census Tract 259
4783,Census Tract 234
5568,Census Tract 209
3071,Census Tract 476
5274,Census Tract 129.02
4329,Census Tract 214
3273,Census Tract 303.01
5904,Census Tract 257.02
3593,Census Tract 354
4072,Census Tract 216
3501,Census Tract 477.01
7423,Census Tract 176.04
5558,Census Tract 208.01
6156,Census Tract 329.01
5988,Census Tract 102.02
5104,Census Tract 231.03
6550,Census Tract 329.01
3530,Census Tract 329.01
6951,Census Tract 332.01
5620,Census Tract 255.02
5281,Census Tract 129.02
6181,Census Tract 127
6159,Census Tract 329.01
6721,Census Tract 124.04
6523,Census Tract 117
6163,Census Tract 353
6425,Census Tract 160
7195,Census Tract 312.01
4283,Census Tract 479.02
7857,Census Tract 129.01
3363,Census Tract 332.03
6737,Census Tract 308
6529,Census Tract 351.01
3480,Census Tract 229.03
7854,Census Tract 451
4430,Census Tract 127
4435,Census Tract 155
5329,Census Tract 352.02
3394,Census Tract 304
4915,Census Tract 312.02
8150,Census Tract 601
5975,Census Tract 312.01
6200,Census Tract 614.01
4131,Census Tract 9809
3585,Census Tract 352.01
3272,Census Tract 303.01
5162,Census Tract 132
3070,Census Tract 476
5913,Census Tract 260.01
3581,Census Tract 352.01
7334,Census Tract 610
3041,Census Tract 452.01
4873,Census Tract 9802
4118,Census Tract 103
3454,Census Tract 229.03
5094,Census Tract 230.01
5684,Census Tract 117
6709,Census Tract 156
5136,Census Tract 332.03
4647,Census Tract 234
7204,Census Tract 479.04
3602,Census Tract 354
5916,Census Tract 260.03
4848,Census Tract 124.05
5469,Census Tract 102.02
4253,Census Tract 313.01
6118,Census Tract 306
6363,Census Tract 258
8023,Census Tract 601
4838,Census Tract 332.01
3252,Census Tract 308
6961,Census Tract 614.01
5782,Census Tract 255.01
6000,Census Tract 111.01
4768,Census Tract 151
6724,Census Tract 157.01
7870,Census Tract 201.01
5547,Census Tract 201.01
5504,Census Tract 231.03
5733,Census Tract 215
4154,Census Tract 254.02
3437,Census Tract 226
7151,Census Tract 308
5098,Census Tract 231.03
3072,Census Tract 127
3216,Census Tract 302.02
7325,Census Tract 313.01
3049,Census Tract 477.01
3942,Census Tract 128.02
3499,Census Tract 477.02
4371,Census Tract 213
5920,Census Tract 260.03
7525,Census Tract 9809
6111,Census Tract 479.02
6835,Census Tract 330.02
3399,Census Tract 330.02
4839,Census Tract 604
3450,Census Tract 614.01
3478,Census Tract 211
6149,Census Tract 328.01
5145,Census Tract 132
3551,Census Tract 478.02
6007,Census Tract 110.01
5320,Census Tract 9803
3579,Census Tract 352.01
7038,Census Tract 101.01
4474,Census Tract 158.01
6723,Census Tract 157.02
4227,Census Tract 479.04
4069,Census Tract 9802
8090,Census Tract 124.06
4485,Census Tract 161.02
4552,Census Tract 231.03
6148,Census Tract 328.02
3472,Census Tract 210
4493,Census Tract 125.03
6953,Census Tract 332.01
3463,Census Tract 214
5464,Census Tract 102.02
3368,Census Tract 303.01
6196,Census Tract 614.01
3543,Census Tract 215
4315,Census Tract 205
4492,Census Tract 158.01
5995,Census Tract 111.02
4491,Census Tract 158.01
8097,Census Tract 109.02
5577,Census Tract 254.01
3383,Census Tract 304
3158,Census Tract 178.01
7852,Census Tract 331
5955,Census Tract 234
4116,Census Tract 101.01
4786,Census Tract 234
4148,Census Tract 9809
6521,Census Tract 107.01
7301,Census Tract 123.01
8095,Census Tract 109.02
5557,Census Tract 208.01
8099,Census Tract 110.02
7758,Census Tract 9803
4286,Census Tract 479.02
8027,Census Tract 601
3941,Census Tract 129.02
5227,Census Tract 614.01
5899,Census Tract 233
3496,Census Tract 427
3057,Census Tract 478.01
7787,Census Tract 129.01
5737,Census Tract 215
7925,
4553,Census Tract 9809
3144,Census Tract 615.02
6245,Census Tract 353
8092,Census Tract 120.01
5140,Census Tract 313.02
5097,Census Tract 9806
7885,Census Tract 353
5316,Census Tract 9803
7235,Census Tract 607.03
6112,Census Tract 217
6955,Census Tract 332.01
4357,Census Tract 227.04
4648,Census Tract 234
7638,Census Tract 255.01
6950,Census Tract 332.01
8104,Census Tract 124.05
8011,Census Tract 176.02
7448,Census Tract 332.01
4769,Census Tract 159
5546,Census Tract 201.01
4257,Census Tract 401
5341,Census Tract 259
3359,Census Tract 326.01
6580,Census Tract 264.04
4271,Census Tract 477.01
4558,Census Tract 9809
6949,Census Tract 264.02
6570,Census Tract 264.03
3467,Census Tract 214
3033,Census Tract 451
5466,Census Tract 101.01
5275,Census Tract 128.02
4483,Census Tract 125.02
3262,Census Tract 303.02
6142,Census Tract 328.01
8034,Census Tract 213
5567,Census Tract 209
4844,Census Tract 479.04
3074,Census Tract 127
3537,Census Tract 215
4312,Census Tract 170
6728,Census Tract 157.01
5352,Census Tract 259
3304,Census Tract 304
4407,Census Tract 127
3263,Census Tract 303.02
8102,Census Tract 122.02
4773,Census Tract 601
4908,Census Tract 312.01
4325,Census Tract 212
6516,Census Tract 117
3061,Census Tract 478.01
4550,Census Tract 231.03
5905,Census Tract 233
6246,Census Tract 354
3570,Census Tract 479.03
4847,Census Tract 124.03
4267,Census Tract 477.01
5284,Census Tract 128.02
5909,Census Tract 9805.01
7214,Census Tract 178.01
7263,Census Tract 214
4439,Census Tract 264.02
5883,Census Tract 230.01
4410,Census Tract 153
3278,Census Tract 303.02
3558,Census Tract 478.02
3497,Census Tract 428
3953,Census Tract 128.02
3565,Census Tract 353
3483,Census Tract 229.01
4280,Census Tract 478.02
5950,Census Tract 452.01
7953,Census Tract 157.02
5900,Census Tract 233
3173,Census Tract 176.02
4321,Census Tract 212
3576,Census Tract 352.02
5867,Census Tract 230.01
3161,Census Tract 176.02
3384,Census Tract 328.01
3280,Census Tract 303.02
4245,Census Tract 313.01
4765,Census Tract 158.01
6564,Census Tract 353
3473,Census Tract 229.01
3248,Census Tract 304
3037,Census Tract 452.02
4856,Census Tract 303.01
3705,Census Tract 601
3706,Census Tract 601
7039,Census Tract 264.03
3471,Census Tract 210
4481,Census Tract 124.06
6513,Census Tract 107.02
4153,Census Tract 252
7046,Census Tract 264.03
6549,Census Tract 353
5836,Census Tract 201.01
5903,Census Tract 233
4494,Census Tract 124.06
4645,Census Tract 234
7041,Census Tract 264.02
5881,Census Tract 612
4254,Census Tract 313.01
4304,Census Tract 159
6446,Census Tract 353
8024,Census Tract 601
6165,Census Tract 354
4968,Census Tract 178.01
3391,Census Tract 309
6716,Census Tract 157.02
3043,Census Tract 476
5500,Census Tract 231.03
7077,Census Tract 9809
6143,Census Tract 328.01
6837,Census Tract 308
5791,Census Tract 312.02
3038,Census Tract 452.01
3924,Census Tract 479.03
5739,Census Tract 303.02
3489,Census Tract 477.01
4332,Census Tract 211
3612,Census Tract 125.03
5734,Census Tract 216
3513,Census Tract 614.01
3575,Census Tract 352.02
3093,Census Tract 102.02
5912,Census Tract 260.01
8096,Census Tract 109.02
3075,Census Tract 127
4258,Census Tract 451
3598,Census Tract 354
5992,Census Tract 102.02
3050,Census Tract 477.02
4432,Census Tract 167
6710,Census Tract 157.02
5459,Census Tract 102.02
6560,Census Tract 330.01
5625,Census Tract 255.02
6450,Census Tract 354
3566,Census Tract 479.02
3590,Census Tract 352.01
3481,Census Tract 211
7191,Census Tract 264.02
6541,Census Tract 331
3277,Census Tract 303.01
4414,Census Tract 158.01
3512,Census Tract 614.01
6139,Census Tract 304
4785,Census Tract 234
3516,Census Tract 614.01
3192,Census Tract 178.04
6002,Census Tract 120.02
4161,Census Tract 254.01
3402,Census Tract 309
4412,Census Tract 134.01
4160,Census Tract 253
3168,Census Tract 178.04
4476,Census Tract 161.01
3455,Census Tract 228.02
7231,Census Tract 303.01
3514,Census Tract 214
3500,Census Tract 427
4857,Census Tract 303.01
4308,Census Tract 170
4551,Census Tract 9809
8135,Census Tract 427
4851,Census Tract 122.03
5583,Census Tract 253
6729,Census Tract 157.01
6547,Census Tract 329.01
5116,Census Tract 234
7008,Census Tract 610
5135,Census Tract 604
3531,Census Tract 329.01
3542,Census Tract 215
390,Census Tract 309
4547,Census Tract 612
6187,Census Tract 607.02
4316,Census Tract 205
7329,Census Tract 264.03
8098,Census Tract 109.02
3484,Census Tract 209
4298,Census Tract 155
3552,Census Tract 478.01
3264,Census Tract 303.02
5548,Census Tract 201.01
3525,Census Tract 330.01
3559,Census Tract 478.01
4976,Census Tract 234
5147,Census Tract 132
3504,Census Tract 614.01
4103,Census Tract 101.02
5565,Census Tract 209
4107,Census Tract 103
3927,Census Tract 479.04
3601,Census Tract 354
7328,Census Tract 264.03
6157,Census Tract 329.01
3466,Census Tract 211
5947,Census Tract 476
6186,Census Tract 614.01
4725,Census Tract 615.01
7287,Census Tract 124.05
4861,Census Tract 303.01
7526,Census Tract 9809
3958,Census Tract 129.02
5467,Census Tract 101.01
4256,Census Tract 451
3564,Census Tract 353
5586,Census Tract 260.01
5926,Census Tract 310
4373,Census Tract 213
3482,Census Tract 214
6530,Census Tract 327
6954,Census Tract 332.01
7285,Census Tract 9809
5311,Census Tract 326.01
3209,Census Tract 176.03
4477,Census Tract 159
6731,Census Tract 156
3586,Census Tract 352.01
4295,Census Tract 159
4559,Census Tract 9809
6011,Census Tract 308
5990,Census Tract 102.01
4424,Census Tract 167
4146,Census Tract 254.01
3395,Census Tract 330.02
4288,Census Tract 156
7622,Census Tract 607.03
3362,Census Tract 309
7804,Census Tract 255.01
3526,Census Tract 329.01
6542,Census Tract 331
5554,Census Tract 208.02
4145,Census Tract 252
3380,Census Tract 328.02
3452,Census Tract 614.01
3051,Census Tract 477.01
5987,Census Tract 102.02
5229,Census Tract 614.01
3606,Census Tract 354
6730,Census Tract 157.01
5343,Census Tract 259
5339,Census Tract 259
8105,Census Tract 177
8153,Census Tract 601
4350,Census Tract 607.02
3364,Census Tract 302.01
7012,Census Tract 610
4779,Census Tract 9803
6524,Census Tract 117
3563,Census Tract 353
4910,Census Tract 312.02
6548,Census Tract 353
6004,Census Tract 109.02
4159,Census Tract 254.02
3193,Census Tract 178.04
5337,Census Tract 259
4326,Census Tract 214
3064,Census Tract 479.03
7290,Census Tract 213
3136,Census Tract 615.01
4855,Census Tract 303.01
4756,Census Tract 452.01
7568,Census Tract 127
6718,Census Tract 124.03
4319,Census Tract 206.02
5314,Census Tract 9803
6543,Census Tract 329.02
4482,Census Tract 124.03
3066,Census Tract 479.03
4415,Census Tract 158.01
3580,Census Tract 352.01
3959,Census Tract 129.02
4307,Census Tract 169
3957,Census Tract 129.01
6203,Census Tract 227.04
7719,Census Tract 231.03
5353,Census Tract 9805.01
5993,Census Tract 122.02
4473,Census Tract 161.02
4330,Census Tract 167
4646,Census Tract 234
7756,Census Tract 612
4291,Census Tract 157.01
5880,Census Tract 230.03
4246,Census Tract 313.01
4755,Census Tract 476
6820,Census Tract 126.02
7009,Census Tract 610
3249,Census Tract 304
3060,Census Tract 478.01
4556,Census Tract 9809
6942,Census Tract 264.02
3470,Census Tract 229.01
5503,Census Tract 231.03
4266,Census Tract 476
5273,Census Tract 128.01
3371,Census Tract 326.01
5960,Census Tract 312.01
5605,Census Tract 254.03
3203,Census Tract 180
3534,Census Tract 330.01
5946,Census Tract 452.01
4355,Census Tract 227.04
3574,Census Tract 352.02
3032,Census Tract 451
5578,Census Tract 254.01
5566,Census Tract 209
5884,Census Tract 230.01
3595,Census Tract 354
7851,Census Tract 604
3276,Census Tract 303.01
3584,Census Tract 352.01
3689,Census Tract 313.01
4278,Census Tract 478.02
3046,Census Tract 476
6964,Census Tract 614.01
5087,Census Tract 124.03
5590,Census Tract 255.02
6144,Census Tract 328.02
3374,Census Tract 303.02
7335,Census Tract 264.01
3044,Census Tract 476
6800,Census Tract 102.02
7036,Census Tract 312.01
5984,Census Tract 110.02
3194,Census Tract 178.04
3036,Census Tract 452.02
3476,Census Tract 209
5810,Census Tract 117
6563,Census Tract 330.01
5096,Census Tract 9809
4821,Census Tract 117
7747,Census Tract 610
3573,Census Tract 479.03
5996,Census Tract 111.02
4560,Census Tract 9809
3388,Census Tract 304
6190,Census Tract 607.02
4761,Census Tract 158.01
6467,Census Tract 304
5952,Census Tract 476
4300,Census Tract 123.02
3439,Census Tract 614.02
4433,Census Tract 153
3608,Census Tract 479.04
4130,Census Tract 9809
5974,Census Tract 312.01
3522,Census Tract 614.01
3604,Census Tract 354
5879,Census Tract 612
4128,Census Tract 9809
4156,Census Tract 253
3588,Census Tract 352.01
4413,Census Tract 134.02
3208,Census Tract 176.03
5348,Census Tract 9805.01
3490,Census Tract 477.02
4478,Census Tract 161.02
3597,Census Tract 354
3456,Census Tract 229.03
3039,Census Tract 452.01
4576,Census Tract 610
7330,Census Tract 264.01
3474,Census Tract 229.02
4562,Census Tract 9809
4207,Census Tract 332.04
4846,Census Tract 124.03
6711,Census Tract 157.02
4341,
5948,Census Tract 426.02
3567,Census Tract 479.02
6192,Census Tract 227.04
6197,Census Tract 614.01
6352,Census Tract 264.02
6540,Census Tract 329.02
5584,Census Tract 253
5342,Census Tract 259
6727,Census Tract 157.01
3191,Census Tract 180
6712,Census Tract 158.01
5099,Census Tract 231.03
3692,Census Tract 610
4305,Census Tract 159
8134,Census Tract 226
4302,Census Tract 122.02
4309,Census Tract 170
3520,Census Tract 214
4555,Census Tract 9809
5735,Census Tract 215
5613,Census Tract 254.03
4149,Census Tract 253
6158,Census Tract 329.01
5079,Census Tract 124.05
6520,Census Tract 611.02
6526,Census Tract 113
5354,Census Tract 9805.01
7061,Census Tract 264.02
6434,Census Tract 604
6153,Census Tract 329.01
3059,Census Tract 478.01
5461,Census Tract 101.01
4548,Census Tract 9809
6160,Census Tract 329.01
5321,Census Tract 9803
3460,Census Tract 211
5490,Census Tract 612
6137,Census Tract 304
6931,Census Tract 135
4265,Census Tract 477.01
5134,Census Tract 313.02
4760,Census Tract 155
4912,Census Tract 312.01
4860,Census Tract 303.01
3553,Census Tract 478.01
6123,Census Tract 306
5161,Census Tract 134.01
5689,Census Tract 615.01
4411,Census Tract 127
4106,Census Tract 101.02
5877,Census Tract 230.03
4255,Census Tract 451
5915,Census Tract 260.03
6952,Census Tract 332.01
4285,Census Tract 479.02
4100,Census Tract 103
3599,Census Tract 354
6116,Census Tract 308
6150,Census Tract 328.02
3925,Census Tract 479.04
4150,Census Tract 254.01
3141,Census Tract 612
4437,Census Tract 607.02
5818,Census Tract 160
6038,Census Tract 229.03
5910,Census Tract 260.01
4248,Census Tract 313.01
6120,Census Tract 308
5991,Census Tract 102.01
3054,Census Tract 477.02
7128,Census Tract 264.02
7007,Census Tract 610
4429,Census Tract 158.02
6536,Census Tract 327
4260,Census Tract 452.02
3398,Census Tract 308
3521,Census Tract 214
6722,Census Tract 157.02
5796,Census Tract 255.01
5908,Census Tract 9805.01
3265,Census Tract 303.02
7286,Census Tract 9809
4314,Census Tract 206.01
3491,Census Tract 427
6522,Census Tract 113
4273,Census Tract 427
4333,Census Tract 212
5800,Census Tract 261
7960,Census Tract 607.02
3505,Census Tract 614.01
4122,Census Tract 614.01
5917,Census Tract 260.01
7926,Census Tract 302.02
4132,Census Tract 9809
4423,Census Tract 167
5472,Census Tract 102.02
7523,Census Tract 614.02
3052,Census Tract 477.02
6738,Census Tract 308
7010,Census Tract 610
4776,Census Tract 601
4155,Census Tract 251
3527,Census Tract 329.01
5804,Census Tract 255.01
5795,Census Tract 312.01
6556,Census Tract 330.01
6202,Census Tract 607.02
4270,Census Tract 477.01
6167,Census Tract 354
3591,Census Tract 354
6125,Census Tract 117
7196,Census Tract 313.01
3544,Census Tract 218
6014,Census Tract 308
7331,Census Tract 264.01
5902,Census Tract 233
4313,Census Tract 206.01
6247,Census Tract 354
6801,Census Tract 129.01
3485,Census Tract 209
5167,Census Tract 132
3023,Census Tract 601
5961,Census Tract 312.01
5790,Census Tract 312.01
4763,Census Tract 157.01
3204,Census Tract 180
5572,Census Tract 253
5323,Census Tract 9803
3067,Census Tract 451
3486,Census Tract 209
4781,Census Tract 354
3360,Census Tract 302.01
4269,Census Tract 427
3568,Census Tract 479.02
5347,Census Tract 9805.01
4427,Census Tract 134.01
5511,Census Tract 9802
5911,Census Tract 260.01
7026,Census Tract 9805.01
5953,Census Tract 402
3195,Census Tract 176.04
3365,Census Tract 326.01
7044,Census Tract 264.03
3524,Census Tract 614.01
3578,Census Tract 352.02
5641,Census Tract 615.01
6713,Census Tract 158.02
6806,Census Tract 102.02
4158,Census Tract 252
3035,Census Tract 451
3250,Census Tract 308
5580,Census Tract 255.02
8028,Census Tract 601
4143,Census Tract 254.01
4859,Census Tract 303.01
4967,Census Tract 178.01
6114,Census Tract 306
3469,Census Tract 229.01
4487,Census Tract 158.01
7916,Census Tract 615.01
8091,Census Tract 122.02
3528,Census Tract 329.01
3477,Census Tract 209
5340,Census Tract 259
4263,Census Tract 426.02
3533,Census Tract 330.01
4758,Census Tract 154.01
5597,Census Tract 254.01
4438,Census Tract 607.02
4114,Census Tract 103
5562,Census Tract 209
3947,Census Tract 129.02
7011,Census Tract 610
4247,Census Tract 313.01
6468,Census Tract 304
3047,Census Tract 477.01
5160,Census Tract 132
3435,Census Tract 614.02
7006,Census Tract 610
6714,Census Tract 157.01
6145,Census Tract 328.01
3306,Census Tract 304
7915,Census Tract 615.01
7573,Census Tract 303.02
4292,Census Tract 154.01
6122,Census Tract 306
3492,Census Tract 427
6535,Census Tract 351.02
3062,Census Tract 478.02
5626,Census Tract 253
5921,Census Tract 260.03
5501,Census Tract 231.03
5263,Census Tract 601
6161,Census Tract 353
7326,Census Tract 313.01
3561,Census Tract 327
3356,Census Tract 309
3055,Census Tract 478.01
3507,Census Tract 614.01
7193,Census Tract 312.01
3572,Census Tract 479.03
6695,Census Tract 607.03
6433,Census Tract 331
5272,Census Tract 128.01
6189,Census Tract 607.02
4282,Census Tract 479.02
8152,Census Tract 601
4354,Census Tract 227.04
3582,Census Tract 352.02
5458,Census Tract 102.02
6198,Census Tract 614.01
4408,Census Tract 153
5338,Census Tract 259
3594,Census Tract 354
6573,Census Tract 264.04
5315,Census Tract 326.01
6003,Census Tract 109.02
4564,Census Tract 9809
5805,Census Tract 261
4495,Census Tract 124.06
7187,Census Tract 231.03
8116,Census Tract 611.02
4071,Census Tract 213
5983,Census Tract 109.02
5460,Census Tract 101.01
4318,Census Tract 205
5997,Census Tract 120.02
3355,Census Tract 309
6350,Census Tract 264.02
4561,Census Tract 9809
6512,Census Tract 107.02
6559,Census Tract 353
3517,Census Tract 9809
3275,Census Tract 303.01
5071,Census Tract 124.05
4426,Census Tract 164
6819,Census Tract 126.02
3619,Census Tract 610
4843,Census Tract 479.04
7333,Census Tract 264.01
3375,Census Tract 328.02
4356,Census Tract 614.01
5103,Census Tract 231.03
6719,Census Tract 125.02
4784,Census Tract 234
5553,Census Tract 208.02
6984,Census Tract 9803
3089,Census Tract 615.01
3065,Census Tract 479.03
5817,Census Tract 123.01
5095,Census Tract 230.01
4328,Census Tract 213
5349,Census Tract 258
5310,Census Tract 9803
4352,Census Tract 227.04
5344,Census Tract 259
3462,Census Tract 212
3540,Census Tract 253
5951,Census Tract 476
6944,Census Tract 264.02
5173,Census Tract 127
4115,Census Tract 104.01
7194,Census Tract 312.01
7213,Census Tract 254.02
6720,Census Tract 124.03
3592,Census Tract 354
4119,Census Tract 106
4324,Census Tract 211
5318,Census Tract 9803
4317,Census Tract 206.02
5999,Census Tract 111.01
3354,Census Tract 332.01
4301,Census Tract 117
5801,Census Tract 261
4294,Census Tract 158.01
6725,Census Tract 157.01
6191,Census Tract 607.02
6736,Census Tract 308
5100,Census Tract 231.03
3389,Census Tract 328.01
4303,Census Tract 122.04
4151,Census Tract 252
4129,Census Tract 9809
8133,Census Tract 226
3535,Census Tract 215
7524,Census Tract 614.02
4310,Census Tract 169
4475,Census Tract 159
6715,Census Tract 157.01
4479,Census Tract 124.04
4147,Census Tract 251
5280,Census Tract 129.02
5919,Census Tract 260.01
5328,Census Tract 9803
4767,Census Tract 123.02
4549,Census Tract 9809
6151,Census Tract 329.01
8109,Census Tract 607.03
6117,Census Tract 308
4434,Census Tract 153
7856,Census Tract 129.01
5596,Census Tract 254.01
4293,Census Tract 155
6447,Census Tract 604
5285,Census Tract 128.02
3589,Census Tract 352.01
5882,Census Tract 230.01
8151,Census Tract 601
6199,Census Tract 614.01
4780,Census Tract 9803
5552,Census Tract 201.02
4279,Census Tract 478.02
3498,Census Tract 428
3596,Census Tract 354
4764,Census Tract 156
6201,Census Tract 607.02
3076,Census Tract 127
4845,Census Tract 102.02
4272,Census Tract 477.01
5092,Census Tract 9809
8088,Census Tract 177
6204,Census Tract 227.04
4624,Census Tract 135
3495,Census Tract 427
5269,Census Tract 601
3379,Census Tract 303.02
3034,Census Tract 452.02
5781,Census Tract 261
6129,Census Tract 479.02
3458,Census Tract 229.02
4472,Census Tract 159
6154,Census Tract 329.01
5638,Census Tract 615.01
7954,Census Tract 159
8093,Census Tract 111.01
3600,Census Tract 354
6544,Census Tract 353
5101,Census Tract 231.03
3160,Census Tract 176.02
5814,Census Tract 123.01
6006,Census Tract 110.01
4418,Census Tract 127
3206,Census Tract 180
7572,Census Tract 304
3536,Census Tract 218
4152,Census Tract 254.02
3045,Census Tract 476
6015,Census Tract 217
4428,Census Tract 158.02
3040,Census Tract 452.01
4575,Census Tract 610
4490,Census Tract 124.06
4484,Census Tract 159
3529,Census Tract 329.01
8081,Census Tract 251
3459,Census Tract 229.03
4259,Census Tract 402
6555,Census Tract 353
7677,Census Tract 178.03
5918,Census Tract 260.01
8067,Census Tract 213
6717,Census Tract 157.02
6147,Census Tract 328.01
5901,Census Tract 233
4431,Census Tract 164
5034,Census Tract 313.01
3215,Census Tract 302.02
4264,Census Tract 476
5561,Census Tract 208.01
4311,Census Tract 169
6140,Census Tract 303.02
3554,Census Tract 478.01
5163,Census Tract 134.01
4757,Census Tract 123.02
5732,Census Tract 216
4874,Census Tract 9802
5261,Census Tract 9802
5914,Census Tract 260.03
5228,Census Tract 614.01
8089,Census Tract 124.05
6121,Census Tract 306
6539,Census Tract 351.02
3053,Census Tract 477.01
6945,Census Tract 264.02
6155,Census Tract 329.01
5813,Census Tract 122.03
4320,Census Tract 211
3577,Census Tract 352.02
4275,Census Tract 478.01
5468,Census Tract 102.02
3352,Census Tract 332.01
4858,Census Tract 303.01
3555,Census Tract 427
4488,Census Tract 158.01
3560,Census Tract 478.02
5036,Census Tract 309
6188,Census Tract 607.02
4766,Census Tract 117
7841,Census Tract 253
3948,Census Tract 129.02
4334,Census Tract 205
4105,Census Tract 107.02
7976,Census Tract 308
4489,Census Tract 124.06
8035,Census Tract 216
4480,Census Tract 125.02
8103,Census Tract 124.06
6999,Census Tract 180
5794,Census Tract 312.01
8101,Census Tract 120.01
4274,Census Tract 478.01
6193,Census Tract 227.04
6243,Census Tract 264.03
6013,Census Tract 306
4422,Census Tract 158.01
6946,Census Tract 264.02
6152,Census Tract 329.01
3056,Census Tract 478.01
5738,Census Tract 216
7800,Census Tract 129.01
5551,Census Tract 201.02
3218,Census Tract 303.01
3251,Census Tract 308
6113,Census Tract 306
3063,Census Tract 479.03
6511,Census Tract 118
4327,Census Tract 212
4421,Census Tract 158.01
5962,Census Tract 312.01
5783,Census Tract 261
4289,Census Tract 154.01
4268,Census Tract 477.01
7853,Census Tract 327
3532,Census Tract 329.01
5571,Census Tract 253
3205,Census Tract 178.03
5614,Census Tract 254.03
4425,Census Tract 164
5906,Census Tract 260.03
4353,Census Tract 227.04
8100,Census Tract 111.01
5907,Census Tract 260.03
6166,Census Tract 354
7057,Census Tract 9805.01
4120,Census Tract 107.02
3048,Census Tract 477.02
5621,Census Tract 255.02
6146,Census Tract 328.02
3196,Census Tract 176.04
5309,Census Tract 9803
3369,Census Tract 326.02
4323,Census Tract 211
6182,Census Tract 127
6733,Census Tract 125.03
6582,Census Tract 264.04
5102,Census Tract 231.03
3952,Census Tract 126.01
4157,Census Tract 254.01
6195,Census Tract 227.04
4331,Census Tract 169
5736,Census Tract 216
3124,Census Tract 615.03
7527,Census Tract 614.02
3562,Census Tract 351.01
5350,Census Tract 258
3461,Census Tract 214
5317,Census Tract 326.02
3556,Census Tract 478.02
5115,Census Tract 234
3571,Census Tract 479.03
5037,Census Tract 309
5573,Census Tract 255.02
3583,Census Tract 352.02
4322,Census Tract 212
4440,Census Tract 9806
4938,Census Tract 605.02
6451,Census Tract 604
4409,Census Tract 134.01
3114,Census Tract 615.02
3940,Census Tract 127
3453,Census Tract 228.02
5949,Census Tract 426.02
5093,Census Tract 230.01
3305,Census Tract 304
4290,Census Tract 154.01
3058,Census Tract 478.01
6162,Census Tract 353
3408,Census Tract 332.01
6596,Census Tract 117
6735,Census Tract 330.01
3390,Census Tract 331
6141,Census Tract 328.01
5624,Census Tract 256
4142,Census Tract 252
4351,Census Tract 227.04
7332,Census Tract 9805.01
4281,Census Tract 478.02
4358,Census Tract 227.04
8094,Census Tract 110.02
6109,Census Tract 479.02
5324,Census Tract 9803
4762,Census Tract 154.01
5319,Census Tract 327
3541,Census Tract 253
3279,Census Tract 303.02
5491,Census Tract 612
3538,Census Tract 218
3587,Census Tract 352.01
5633,Census Tract 9806
3603,Census Tract 354
6732,Census Tract 157.01
3077,Census Tract 127
