df_index,df2_index,df_coordinates,df2_coordinates,latitude,longitude,df2_latitude,df2_longitude
8,4280,"(37.71129, -122.45913)","(np.float64(37.71126631015692), np.float64(-122.4591285780278))",37.71129,-122.45913,37.71126631015692,-122.4591285780278
14,1501,"(37.800408, -122.447447)","(np.float64(37.800409938887206), np.float64(-122.44747018372033))",37.800408,-122.447447,37.800409938887206,-122.44747018372033
16,22442,"(37.782835, -122.414217)","(np.float64(37.78285086963361), np.float64(-122.4141981005881))",37.782835,-122.414217,37.78285086963361,-122.4141981005881
22,843,"(37.75299, -122.40669)","(np.float64(37.753008999086894), np.float64(-122.40665384459048))",37.75299,-122.40669,37.753008999086894,-122.40665384459048
38,14349,"(37.78849, -122.40248)","(np.float64(37.7885159705333), np.float64(-122.40249758955667))",37.78849,-122.40248,37.7885159705333,-122.40249758955667
40,12664,"(37.770513, -122.391037)","(np.float64(37.7704931286187), np.float64(-122.39106130557562))",37.770513,-122.391037,37.7704931286187,-122.39106130557562
42,14089,"(37.773206, -122.509876)","(np.float64(37.77319067487402), np.float64(-122.50987405679176))",37.773206,-122.509876,37.77319067487402,-122.50987405679176
45,3539,"(37.805241, -122.423494)","(np.float64(37.805229606960296), np.float64(-122.42352609038552))",37.805241,-122.423494,37.805229606960296,-122.42352609038552
48,25202,"(37.79118, -122.42407)","(np.float64(37.79118798624406), np.float64(-122.42408486250471))",37.79118,-122.42407,37.79118798624406,-122.42408486250471
50,15429,"(37.785745, -122.421575)","(np.float64(37.78573446333273), np.float64(-122.42161710845993))",37.785745,-122.421575,37.78573446333273,-122.42161710845993
50,24393,"(37.785745, -122.421575)","(np.float64(37.78578094453547), np.float64(-122.42157418532608))",37.785745,-122.421575,37.78578094453547,-122.42157418532608
54,8337,"(37.74654, -122.43132)","(np.float64(37.746549152058), np.float64(-122.43131184781352))",37.74654,-122.43132,37.746549152058,-122.43131184781352
60,15303,"(37.772689, -122.484295)","(np.float64(37.7726570054916), np.float64(-122.48431704576352))",37.772689,-122.484295,37.7726570054916,-122.48431704576352
74,20370,"(37.780546, -122.438759)","(np.float64(37.78054364645621), np.float64(-122.43877778078546))",37.780546,-122.438759,37.78054364645621,-122.43877778078546
85,14900,"(37.780724, -122.43736)","(np.float64(37.78070277365314), np.float64(-122.43731582439544))",37.780724,-122.43736,37.78070277365314,-122.43731582439544
86,21840,"(37.764987, -122.421746)","(np.float64(37.76500405331541), np.float64(-122.4217356950295))",37.764987,-122.421746,37.76500405331541,-122.4217356950295
87,23087,"(37.789769, -122.420427)","(np.float64(37.789754251023176), np.float64(-122.42043188501628))",37.789769,-122.420427,37.789754251023176,-122.42043188501628
89,160,"(37.727859, -122.402994)","(np.float64(37.72785463607256), np.float64(-122.40302203491676))",37.727859,-122.402994,37.72785463607256,-122.40302203491676
90,12287,"(37.738867, -122.423871)","(np.float64(37.73888564754072), np.float64(-122.42383755154714))",37.738867,-122.423871,37.73888564754072,-122.42383755154714
91,2351,"(37.74853, -122.4759)","(np.float64(37.748553607769786), np.float64(-122.47587733989506))",37.74853,-122.4759,37.748553607769786,-122.47587733989506
100,1271,"(37.75911, -122.41902)","(np.float64(37.75912627249781), np.float64(-122.41899974873392))",37.75911,-122.41902,37.75912627249781,-122.41899974873392
111,3414,"(37.743300000000005, -122.43104)","(np.float64(37.7433286139725), np.float64(-122.4310042729836))",37.743300000000005,-122.43104,37.7433286139725,-122.4310042729836
117,11601,"(37.729878, -122.371871)","(np.float64(37.72988593447565), np.float64(-122.3718246613083))",37.729878,-122.371871,37.72988593447565,-122.3718246613083
125,25185,"(37.79175, -122.4195)","(np.float64(37.79173536275516), np.float64(-122.41947530492992))",37.79175,-122.4195,37.79173536275516,-122.41947530492992
136,22777,"(37.777262, -122.461969)","(np.float64(37.77724878406923), np.float64(-122.46200456942246))",37.777262,-122.461969,37.77724878406923,-122.46200456942246
143,292,"(37.74951, -122.4181)","(np.float64(37.74954768223842), np.float64(-122.41808356708049))",37.74951,-122.4181,37.74954768223842,-122.41808356708049
150,5872,"(37.711418, -122.46717)","(np.float64(37.71143856555543), np.float64(-122.46719715090192))",37.711418,-122.46717,37.71143856555543,-122.46719715090192
152,4660,"(37.800891, -122.436469)","(np.float64(37.80088723940533), np.float64(-122.43649480442096))",37.800891,-122.436469,37.80088723940533,-122.43649480442096
165,8091,"(37.73821, -122.39824)","(np.float64(37.73822934848388), np.float64(-122.398240976825))",37.73821,-122.39824,37.73822934848388,-122.398240976825
169,3653,"(37.80031, -122.439616)","(np.float64(37.80029280065504), np.float64(-122.4395891820851))",37.80031,-122.439616,37.80029280065504,-122.4395891820851
170,1863,"(37.74596, -122.49747)","(np.float64(37.74594025382807), np.float64(-122.49747208669594))",37.74596,-122.49747,37.74594025382807,-122.49747208669594
171,3886,"(37.752445, -122.416156)","(np.float64(37.75243520671254), np.float64(-122.41612460970298))",37.752445,-122.416156,37.75243520671254,-122.41612460970298
173,23835,"(37.782197, -122.447034)","(np.float64(37.78219431381186), np.float64(-122.44705087480752))",37.782197,-122.447034,37.78219431381186,-122.44705087480752
178,2415,"(37.734783, -122.494059)","(np.float64(37.7348187469551), np.float64(-122.49406458649568))",37.734783,-122.494059,37.7348187469551,-122.49406458649568
179,2877,"(37.752694, -122.412054)","(np.float64(37.752683404265206), np.float64(-122.41207188484168))",37.752694,-122.412054,37.752683404265206,-122.41207188484168
182,24036,"(37.777065, -122.466256)","(np.float64(37.7770533155191), np.float64(-122.46630122406506))",37.777065,-122.466256,37.7770533155191,-122.46630122406506
187,24371,"(37.783353, -122.41769)","(np.float64(37.78336708762878), np.float64(-122.41765945930204))",37.783353,-122.41769,37.78336708762878,-122.41765945930204
189,13748,"(37.782988, -122.420613)","(np.float64(37.782991181590255), np.float64(-122.42061928841404))",37.782988,-122.420613,37.782991181590255,-122.42061928841404
215,13659,"(37.781, -122.464125)","(np.float64(37.7810266173594), np.float64(-122.46414552097144))",37.781,-122.464125,37.7810266173594,-122.46414552097144
217,24579,"(37.77633, -122.482417)","(np.float64(37.776317790136034), np.float64(-122.48243632330784))",37.77633,-122.482417,37.776317790136034,-122.48243632330784
229,8340,"(37.75086, -122.40015)","(np.float64(37.750858081816745), np.float64(-122.40018256222984))",37.75086,-122.40015,37.750858081816745,-122.40018256222984
246,11588,"(37.72119, -122.475153)","(np.float64(37.72118029134752), np.float64(-122.47518946221882))",37.72119,-122.475153,37.72118029134752,-122.47518946221882
264,15468,"(37.751903, -122.425311)","(np.float64(37.75191410050552), np.float64(-122.42530528273136))",37.751903,-122.425311,37.75191410050552,-122.42530528273136
278,3571,"(37.802585, -122.43668)","(np.float64(37.80258442506607), np.float64(-122.4366869360549))",37.802585,-122.43668,37.80258442506607,-122.4366869360549
279,17832,"(37.782516, -122.42427)","(np.float64(37.782521876345015), np.float64(-122.4242376777722))",37.782516,-122.42427,37.782521876345015,-122.4242376777722
280,20752,"(37.777637, -122.455367)","(np.float64(37.77767198999624), np.float64(-122.45535968265696))",37.777637,-122.455367,37.77767198999624,-122.45535968265696
316,24585,"(37.775503, -122.500617)","(np.float64(37.7754875380677), np.float64(-122.50065036311226))",37.775503,-122.500617,37.7754875380677,-122.50065036311226
320,14530,"(37.782621, -122.415856)","(np.float64(37.78263752877545), np.float64(-122.41583639925727))",37.782621,-122.415856,37.78263752877545,-122.41583639925727
324,20235,"(37.77535, -122.503838)","(np.float64(37.77534662634459), np.float64(-122.50388423145225))",37.77535,-122.503838,37.77534662634459,-122.50388423145225
327,5724,"(37.800951, -122.434697)","(np.float64(37.80092300818519), np.float64(-122.4346609705484))",37.800951,-122.434697,37.80092300818519,-122.4346609705484
334,6718,"(37.804447, -122.436958)","(np.float64(37.80447137098381), np.float64(-122.4369172692502))",37.804447,-122.436958,37.80447137098381,-122.4369172692502
336,573,"(37.735164, -122.379323)","(np.float64(37.73514085768026), np.float64(-122.37931180837452))",37.735164,-122.379323,37.73514085768026,-122.37931180837452
337,16517,"(37.780319, -122.479232)","(np.float64(37.78034331814427), np.float64(-122.47924146013654))",37.780319,-122.479232,37.78034331814427,-122.47924146013654
340,23484,"(37.79305, -122.40926)","(np.float64(37.79307243468851), np.float64(-122.40928499784002))",37.79305,-122.40926,37.79307243468851,-122.40928499784002
352,20359,"(37.776528, -122.47813)","(np.float64(37.77651255694495), np.float64(-122.47815791827))",37.776528,-122.47813,37.77651255694495,-122.47815791827
358,22301,"(37.776626, -122.475987)","(np.float64(37.77661064963769), np.float64(-122.4760340928698))",37.776626,-122.475987,37.77661064963769,-122.4760340928698
360,13905,"(37.79199, -122.41749)","(np.float64(37.79201069788161), np.float64(-122.4175108091136))",37.79199,-122.41749,37.79201069788161,-122.4175108091136
363,15205,"(37.777935, -122.409222)","(np.float64(37.77796535848873), np.float64(-122.40920145417148))",37.777935,-122.409222,37.77796535848873,-122.40920145417148
365,854,"(37.752321, -122.418333)","(np.float64(37.75230301313386), np.float64(-122.4183025438695))",37.752321,-122.418333,37.75230301313386,-122.4183025438695
381,4929,"(37.74101, -122.42267)","(np.float64(37.741022186666825), np.float64(-122.42265371604108))",37.74101,-122.42267,37.741022186666825,-122.42265371604108
396,18660,"(37.786158, -122.433151)","(np.float64(37.78617285310953), np.float64(-122.4331465064768))",37.786158,-122.433151,37.78617285310953,-122.4331465064768
403,784,"(37.74827, -122.43177)","(np.float64(37.74827025436009), np.float64(-122.43174042106628))",37.74827,-122.43177,37.74827025436009,-122.43174042106628
405,4442,"(37.74493, -122.43117)","(np.float64(37.74493633331246), np.float64(-122.4311613876484))",37.74493,-122.43117,37.74493633331246,-122.4311613876484
420,8860,"(37.751778, -122.427327)","(np.float64(37.751767935129806), np.float64(-122.42729636084822))",37.751778,-122.427327,37.751767935129806,-122.42729636084822
421,3997,"(37.736304, -122.391522)","(np.float64(37.73628805095019), np.float64(-122.39148238524346))",37.736304,-122.391522,37.73628805095019,-122.39148238524346
442,4124,"(37.801476, -122.422796)","(np.float64(37.80151249129056), np.float64(-122.42277279025151))",37.801476,-122.422796,37.80151249129056,-122.42277279025151
443,24027,"(37.776088, -122.487769)","(np.float64(37.77607513476209), np.float64(-122.48780763718678))",37.776088,-122.487769,37.77607513476209,-122.48780763718678
445,22178,"(37.76932, -122.42903)","(np.float64(37.76933701874869), np.float64(-122.42900666804108))",37.76932,-122.42903,37.76933701874869,-122.42900666804108
449,24924,"(37.766492, -122.397011)","(np.float64(37.76650752996654), np.float64(-122.3970488977472))",37.766492,-122.397011,37.76650752996654,-122.3970488977472
458,5911,"(37.72326, -122.44124)","(np.float64(37.72324481307192), np.float64(-122.44124418972469))",37.72326,-122.44124,37.72324481307192,-122.44124418972469
467,24573,"(37.77624, -122.484296)","(np.float64(37.77622492990686), np.float64(-122.4843330003154))",37.77624,-122.484296,37.77622492990686,-122.4843330003154
474,22345,"(37.780077, -122.484562)","(np.float64(37.78009763772784), np.float64(-122.48459658905062))",37.780077,-122.484562,37.78009763772784,-122.48459658905062
482,1854,"(37.752178, -122.420556)","(np.float64(37.752197361530406), np.float64(-122.42054895695708))",37.752178,-122.420556,37.752197361530406,-122.42054895695708
486,22049,"(37.784792, -122.466819)","(np.float64(37.78478895616491), np.float64(-122.46682989021156))",37.784792,-122.466819,37.78478895616491,-122.46682989021156
490,25103,"(37.76343, -122.47704)","(np.float64(37.763459101230254), np.float64(-122.47701926828718))",37.76343,-122.47704,37.763459101230254,-122.47701926828718
502,1470,"(37.804287, -122.424996)","(np.float64(37.80427649318128), np.float64(-122.42496361876626))",37.804287,-122.424996,37.80427649318128,-122.42496361876626
503,11684,"(37.73978, -122.41199)","(np.float64(37.73978154740181), np.float64(-122.4120039818456))",37.73978,-122.41199,37.73978154740181,-122.4120039818456
504,20760,"(37.777173, -122.463849)","(np.float64(37.77716578819352), np.float64(-122.46380232948522))",37.777173,-122.463849,37.77716578819352,-122.46380232948522
510,3880,"(37.75256, -122.414242)","(np.float64(37.75255070960517), np.float64(-122.41424328753914))",37.75256,-122.414242,37.75255070960517,-122.41424328753914
514,21437,"(37.76871, -122.389377)","(np.float64(37.76869859038998), np.float64(-122.38941972621656))",37.76871,-122.389377,37.76869859038998,-122.38941972621656
537,14612,"(37.775647, -122.497419)","(np.float64(37.77563240802039), np.float64(-122.49745023445828))",37.775647,-122.497419,37.77563240802039,-122.49745023445828
581,22437,"(37.783039, -122.412577)","(np.float64(37.78305548476601), np.float64(-122.41256005609002))",37.783039,-122.412577,37.78305548476601,-122.41256005609002
583,8917,"(37.762635, -122.419348)","(np.float64(37.762662419115095), np.float64(-122.41933860153684))",37.762635,-122.419348,37.762662419115095,-122.41933860153684
585,1299,"(37.74981, -122.43404)","(np.float64(37.74978060202447), np.float64(-122.4340489648167))",37.74981,-122.43404,37.74978060202447,-122.4340489648167
590,20746,"(37.77327, -122.47191)","(np.float64(37.77326034942392), np.float64(-122.47192651528924))",37.77327,-122.47191,37.77326034942392,-122.47192651528924
592,911,"(37.804557, -122.443892)","(np.float64(37.80453530463669), np.float64(-122.44385890962832))",37.804557,-122.443892,37.80453530463669,-122.44385890962832
594,21915,"(37.787738, -122.443634)","(np.float64(37.787753740707466), np.float64(-122.4436365547854))",37.787738,-122.443634,37.787753740707466,-122.4436365547854
601,14013,"(37.78763, -122.42154)","(np.float64(37.787650576630334), np.float64(-122.42152098844753))",37.78763,-122.42154,37.787650576630334,-122.42152098844753
603,3714,"(37.72382, -122.43589)","(np.float64(37.723785724279935), np.float64(-122.4358667086338))",37.72382,-122.43589,37.723785724279935,-122.4358667086338
607,24307,"(37.788429, -122.415269)","(np.float64(37.78843859618418), np.float64(-122.41531483352055))",37.788429,-122.415269,37.78843859618418,-122.41531483352055
613,10890,"(37.742159, -122.426369)","(np.float64(37.74217653619721), np.float64(-122.42636162024748))",37.742159,-122.426369,37.74217653619721,-122.42636162024748
617,5658,"(37.79418, -122.400282)","(np.float64(37.79416640039872), np.float64(-122.400298628268))",37.79418,-122.400282,37.79416640039872,-122.400298628268
625,24432,"(37.777875, -122.393908)","(np.float64(37.77788651871445), np.float64(-122.39387641662898))",37.777875,-122.393908,37.77788651871445,-122.39387641662898
649,10343,"(37.752853, -122.409281)","(np.float64(37.75285143851273), np.float64(-122.40929911232678))",37.752853,-122.409281,37.75285143851273,-122.40929911232678
651,16326,"(37.785353, -122.462292)","(np.float64(37.78536835716564), np.float64(-122.46231950224464))",37.785353,-122.462292,37.78536835716564,-122.46231950224464
681,18822,"(37.76204, -122.466241)","(np.float64(37.7620253643648), np.float64(-122.46625215208546))",37.76204,-122.466241,37.7620253643648,-122.46625215208546
688,13575,"(37.793411, -122.406306)","(np.float64(37.79340415802943), np.float64(-122.40627870371512))",37.793411,-122.406306,37.79340415802943,-122.40627870371512
720,24032,"(37.775989, -122.489912)","(np.float64(37.775975896922674), np.float64(-122.48994567763742))",37.775989,-122.489912,37.775975896922674,-122.48994567763742
727,13175,"(37.79381, -122.40779)","(np.float64(37.793781168770174), np.float64(-122.407764029235))",37.79381,-122.40779,37.793781168770174,-122.407764029235
733,12746,"(37.780167, -122.48243)","(np.float64(37.780180436418775), np.float64(-122.4824334086557))",37.780167,-122.48243,37.780180436418775,-122.4824334086557
742,23914,"(37.776429, -122.480273)","(np.float64(37.77641636495672), np.float64(-122.4802955450436))",37.776429,-122.480273,37.77641636495672,-122.4802955450436
757,24053,"(37.781502, -122.493515)","(np.float64(37.78151484365891), np.float64(-122.49352260360456))",37.781502,-122.493515,37.78151484365891,-122.49352260360456
765,15673,"(37.782242, -122.449992)","(np.float64(37.78227238878413), np.float64(-122.45001677803488))",37.782242,-122.449992,37.78227238878413,-122.45001677803488
771,20447,"(37.772033, -122.430347)","(np.float64(37.77205466300634), np.float64(-122.43030830073334))",37.772033,-122.430347,37.77205466300634,-122.43030830073334
772,2750,"(37.71128, -122.46198)","(np.float64(37.71124664999957), np.float64(-122.4620069728827))",37.71128,-122.46198,37.71124664999957,-122.4620069728827
774,17000,"(37.79242, -122.4142)","(np.float64(37.79243471875842), np.float64(-122.41423391650544))",37.79242,-122.4142,37.79243471875842,-122.41423391650544
777,18350,"(37.764762, -122.401516)","(np.float64(37.76473165309867), np.float64(-122.40149358002098))",37.764762,-122.401516,37.76473165309867,-122.40149358002098
787,11656,"(37.735796, -122.392175)","(np.float64(37.73578810175916), np.float64(-122.39218352484023))",37.735796,-122.392175,37.73578810175916,-122.39218352484023
792,20749,"(37.777557, -122.455035)","(np.float64(37.77753586288115), np.float64(-122.45506217206564))",37.777557,-122.455035,37.77753586288115,-122.45506217206564
