Geo_FIPS,Geo_QName,Geo_STUSAB,Geo_SUMLEV,Geo_GEOCOMP,Geo_US,Geo_REGION,Geo_DIVISION,Geo_STATE,Geo_COUNTY,Geo_COUSUB,Geo_PLACE,Geo_TRACT,Geo_BLKGRP,Geo_CONCIT,Geo_AIANHH,Geo_AIANHHFP,Geo_AIHHTLI,Geo_AITS,Geo_ANRC,Geo_CBSA,Geo_CSA,Geo_METDIV,Geo_MACC,Geo_MEMI,Geo_NECTA,Geo_CNECTA,Geo_NECTADIV,Geo_UA,Geo_CDCURR,Geo_SLDU,Geo_SLDL,Geo_ZCTA3,Geo_ZCTA5,Geo_SUBMCD,Geo_SDELM,Geo_SDSEC,Geo_SDUNI,Geo_UR,Geo_PCI,Geo_PUMA5,Geo_GEO_ID,Geo_NAME,Geo_BTTR,Geo_BTBG,Geo_PLACESE,SE_A14006_001,SE_A10030_001,SE_A10030_002,SE_A10030_003,SE_A10030_004,SE_A10030_005,SE_A10030_006,SE_A10030_007,PCT_SE_A10030_002,PCT_SE_A10030_003,PCT_SE_A10030_004,PCT_SE_A10030_005,PCT_SE_A10030_006,PCT_SE_A10030_007
"06075010101","Census Tract 101.01, San Francisco County, California","ca","140","00",,,,"06","075",,,"010101",,,,,,,,,,,,,,".",".",,,,,,,,,,,,,,"1400000US06075010101","Census Tract 101.01",,,,101974,1212,459,651,102,0,0,0,37.87,53.71,8.42,0,0,0
"06075010102","Census Tract 101.02, San Francisco County, California","ca","140","00",,,,"06","075",,,"010102",,,,,,,,,,,,,,".",".",,,,,,,,,,,,,,"1400000US06075010102","Census Tract 101.02",,,,108417,907,303,446,148,10,0,0,33.41,49.17,16.32,1.1,0,0
"06075010201","Census Tract 102.01, San Francisco County, California","ca","140","00",,,,"06","075",,,"010201",,,,,,,,,,,,,,".",".",,,,,,,,,,,,,,"1400000US06075010201","Census Tract 102.01",,,,160221,1375,452,614,214,95,0,0,32.87,44.65,15.56,6.91,0,0
"06075010202","Census Tract 102.02, San Francisco County, California","ca","140","00",,,,"06","075",,,"010202",,,,,,,,,,,,,,".",".",,,,,,,,,,,,,,"1400000US06075010202","Census Tract 102.02",,,,206484,1091,206,697,158,0,30,0,18.88,63.89,14.48,0,2.75,0
"06075010300","Census Tract 103, San Francisco County, California","ca","140","00",,,,"06","075",,,"010300",,,,,,,,,,,,,,".",".",,,,,,,,,,,,,,"1400000US06075010300","Census Tract 103",,,,158973,2143,500,1214,366,63,0,0,23.33,56.65,17.08,2.94,0,0
"06075010401","Census Tract 104.01, San Francisco County, California","ca","140","00",,,,"06","075",,,"010401",,,,,,,,,,,,,,".",".",,,,,,,,,,,,,,"1400000US06075010401","Census Tract 104.01",,,,207500,944,271,403,246,11,0,13,28.71,42.69,26.06,1.17,0,1.38
"06075010402","Census Tract 104.02, San Francisco County, California","ca","140","00",,,,"06","075",,,"010402",,,,,,,,,,,,,,".",".",,,,,,,,,,,,,,"1400000US06075010402","Census Tract 104.02",,,,158500,1202,419,483,150,98,52,0,34.86,40.18,12.48,8.15,4.33,0
"06075010500","Census Tract 105, San Francisco County, California","ca","140","00",,,,"06","075",,,"010500",,,,,,,,,,,,,,".",".",,,,,,,,,,,,,,"1400000US06075010500","Census Tract 105",,,,171667,1738,652,1009,66,0,11,0,37.51,58.06,3.8,0,0.63,0
"06075010600","Census Tract 106, San Francisco County, California","ca","140","00",,,,"06","075",,,"010600",,,,,,,,,,,,,,".",".",,,,,,,,,,,,,,"1400000US06075010600","Census Tract 106",,,,86111,1836,1189,533,108,6,0,0,64.76,29.03,5.88,0.33,0,0
"06075010701","Census Tract 107.01, San Francisco County, California","ca","140","00",,,,"06","075",,,"010701",,,,,,,,,,,,,,".",".",,,,,,,,,,,,,,"1400000US06075010701","Census Tract 107.01",,,,27531,1834,1547,260,27,0,0,0,84.35,14.18,1.47,0,0,0
"06075010702","Census Tract 107.02, San Francisco County, California","ca","140","00",,,,"06","075",,,"010702",,,,,,,,,,,,,,".",".",,,,,,,,,,,,,,"1400000US06075010702","Census Tract 107.02",,,,80472,674,311,280,83,0,0,0,46.14,41.54,12.31,0,0,0
"06075010800","Census Tract 108, San Francisco County, California","ca","140","00",,,,"06","075",,,"010800",,,,,,,,,,,,,,".",".",,,,,,,,,,,,,,"1400000US06075010800","Census Tract 108",,,,150298,2382,684,1203,423,72,0,0,28.72,50.5,17.76,3.02,0,0
"06075010901","Census Tract 109.01, San Francisco County, California","ca","140","00",,,,"06","075",,,"010901",,,,,,,,,,,,,,".",".",,,,,,,,,,,,,,"1400000US06075010901","Census Tract 109.01",,,,190139,1071,400,481,136,54,0,0,37.35,44.91,12.7,5.04,0,0
"06075010902","Census Tract 109.02, San Francisco County, California","ca","140","00",,,,"06","075",,,"010902",,,,,,,,,,,,,,".",".",,,,,,,,,,,,,,"1400000US06075010902","Census Tract 109.02",,,,141591,1452,889,436,111,16,0,0,61.23,30.03,7.64,1.1,0,0
"06075011001","Census Tract 110.01, San Francisco County, California","ca","140","00",,,,"06","075",,,"011001",,,,,,,,,,,,,,".",".",,,,,,,,,,,,,,"1400000US06075011001","Census Tract 110.01",,,,117750,1405,714,499,148,44,0,0,50.82,35.52,10.53,3.13,0,0
"06075011002","Census Tract 110.02, San Francisco County, California","ca","140","00",,,,"06","075",,,"011002",,,,,,,,,,,,,,".",".",,,,,,,,,,,,,,"1400000US06075011002","Census Tract 110.02",,,,155575,1129,382,648,99,0,0,0,33.84,57.4,8.77,0,0,0
"06075011101","Census Tract 111.01, San Francisco County, California","ca","140","00",,,,"06","075",,,"011101",,,,,,,,,,,,,,".",".",,,,,,,,,,,,,,"1400000US06075011101","Census Tract 111.01",,,,112418,1473,798,590,85,0,0,0,54.18,40.05,5.77,0,0,0
"06075011102","Census Tract 111.02, San Francisco County, California","ca","140","00",,,,"06","075",,,"011102",,,,,,,,,,,,,,".",".",,,,,,,,,,,,,,"1400000US06075011102","Census Tract 111.02",,,,101976,1312,951,344,17,0,0,0,72.48,26.22,1.3,0,0,0
"06075011200","Census Tract 112, San Francisco County, California","ca","140","00",,,,"06","075",,,"011200",,,,,,,,,,,,,,".",".",,,,,,,,,,,,,,"1400000US06075011200","Census Tract 112",,,,118347,1633,927,560,136,10,0,0,56.77,34.29,8.33,0.61,0,0
"06075011300","Census Tract 113, San Francisco County, California","ca","140","00",,,,"06","075",,,"011300",,,,,,,,,,,,,,".",".",,,,,,,,,,,,,,"1400000US06075011300","Census Tract 113",,,,35507,1333,854,422,49,8,0,0,64.07,31.66,3.68,0.6,0,0
"06075011700","Census Tract 117, San Francisco County, California","ca","140","00",,,,"06","075",,,"011700",,,,,,,,,,,,,,".",".",,,,,,,,,,,,,,"1400000US06075011700","Census Tract 117",,,,51964,1111,830,248,16,0,17,0,74.71,22.32,1.44,0,1.53,0
"06075011800","Census Tract 118, San Francisco County, California","ca","140","00",,,,"06","075",,,"011800",,,,,,,,,,,,,,".",".",,,,,,,,,,,,,,"1400000US06075011800","Census Tract 118",,,,43833,716,533,151,23,9,0,0,74.44,21.09,3.21,1.26,0,0
"06075011901","Census Tract 119.01, San Francisco County, California","ca","140","00",,,,"06","075",,,"011901",,,,,,,,,,,,,,".",".",,,,,,,,,,,,,,"1400000US06075011901","Census Tract 119.01",,,,101827,1217,796,398,11,12,0,0,65.41,32.7,0.9,0.99,0,0
"06075011902","Census Tract 119.02, San Francisco County, California","ca","140","00",,,,"06","075",,,"011902",,,,,,,,,,,,,,".",".",,,,,,,,,,,,,,"1400000US06075011902","Census Tract 119.02",,,,77241,1678,1152,384,130,12,0,0,68.65,22.88,7.75,0.72,0,0
"06075012001","Census Tract 120.01, San Francisco County, California","ca","140","00",,,,"06","075",,,"012001",,,,,,,,,,,,,,".",".",,,,,,,,,,,,,,"1400000US06075012001","Census Tract 120.01",,,,91040,1004,602,260,12,130,0,0,59.96,25.9,1.2,12.95,0,0
"06075012002","Census Tract 120.02, San Francisco County, California","ca","140","00",,,,"06","075",,,"012002",,,,,,,,,,,,,,".",".",,,,,,,,,,,,,,"1400000US06075012002","Census Tract 120.02",,,,71619,1359,874,465,20,0,0,0,64.31,34.22,1.47,0,0,0
"06075012100","Census Tract 121, San Francisco County, California","ca","140","00",,,,"06","075",,,"012100",,,,,,,,,,,,,,".",".",,,,,,,,,,,,,,"1400000US06075012100","Census Tract 121",,,,92059,2080,1535,545,0,0,0,0,73.8,26.2,0,0,0,0
"06075012202","Census Tract 122.02, San Francisco County, California","ca","140","00",,,,"06","075",,,"012202",,,,,,,,,,,,,,".",".",,,,,,,,,,,,,,"1400000US06075012202","Census Tract 122.02",,,,54650,1488,1054,414,20,0,0,0,70.83,27.82,1.34,0,0,0
"06075012203","Census Tract 122.03, San Francisco County, California","ca","140","00",,,,"06","075",,,"012203",,,,,,,,,,,,,,".",".",,,,,,,,,,,,,,"1400000US06075012203","Census Tract 122.03",,,,22982,1081,876,164,41,0,0,0,81.04,15.17,3.79,0,0,0
"06075012204","Census Tract 122.04, San Francisco County, California","ca","140","00",,,,"06","075",,,"012204",,,,,,,,,,,,,,".",".",,,,,,,,,,,,,,"1400000US06075012204","Census Tract 122.04",,,,65217,1566,1232,303,21,0,0,10,78.67,19.35,1.34,0,0,0.64
"06075012301","Census Tract 123.01, San Francisco County, California","ca","140","00",,,,"06","075",,,"012301",,,,,,,,,,,,,,".",".",,,,,,,,,,,,,,"1400000US06075012301","Census Tract 123.01",,,,24284,1311,1161,139,11,0,0,0,88.56,10.6,0.84,0,0,0
"06075012302","Census Tract 123.02, San Francisco County, California","ca","140","00",,,,"06","075",,,"012302",,,,,,,,,,,,,,".",".",,,,,,,,,,,,,,"1400000US06075012302","Census Tract 123.02",,,,55741,1886,1606,188,62,0,0,30,85.15,9.97,3.29,0,0,1.59
"06075012403","Census Tract 124.03, San Francisco County, California","ca","140","00",,,,"06","075",,,"012403",,,,,,,,,,,,,,".",".",,,,,,,,,,,,,,"1400000US06075012403","Census Tract 124.03",,,,46185,1181,833,285,63,0,0,0,70.53,24.13,5.33,0,0,0
"06075012404","Census Tract 124.04, San Francisco County, California","ca","140","00",,,,"06","075",,,"012404",,,,,,,,,,,,,,".",".",,,,,,,,,,,,,,"1400000US06075012404","Census Tract 124.04",,,,35074,1499,1182,236,32,22,0,27,78.85,15.74,2.13,1.47,0,1.8
"06075012405","Census Tract 124.05, San Francisco County, California","ca","140","00",,,,"06","075",,,"012405",,,,,,,,,,,,,,".",".",,,,,,,,,,,,,,"1400000US06075012405","Census Tract 124.05",,,,107311,2513,1714,670,95,34,0,0,68.21,26.66,3.78,1.35,0,0
"06075012406","Census Tract 124.06, San Francisco County, California","ca","140","00",,,,"06","075",,,"012406",,,,,,,,,,,,,,".",".",,,,,,,,,,,,,,"1400000US06075012406","Census Tract 124.06",,,,26132,947,719,214,14,0,0,0,75.92,22.6,1.48,0,0,0
"06075012502","Census Tract 125.02, San Francisco County, California","ca","140","00",,,,"06","075",,,"012502",,,,,,,,,,,,,,".",".",,,,,,,,,,,,,,"1400000US06075012502","Census Tract 125.02",,,,19128,2270,1898,237,89,46,0,0,83.61,10.44,3.92,2.03,0,0
"06075012503","Census Tract 125.03, San Francisco County, California","ca","140","00",,,,"06","075",,,"012503",,,,,,,,,,,,,,".",".",,,,,,,,,,,,,,"1400000US06075012503","Census Tract 125.03",,,,47301,2205,1658,456,0,91,0,0,75.19,20.68,0,4.13,0,0
"06075012504","Census Tract 125.04, San Francisco County, California","ca","140","00",,,,"06","075",,,"012504",,,,,,,,,,,,,,".",".",,,,,,,,,,,,,,"1400000US06075012504","Census Tract 125.04",,,,22639,333,252,4,51,26,0,0,75.68,1.2,15.32,7.81,0,0
"06075012601","Census Tract 126.01, San Francisco County, California","ca","140","00",,,,"06","075",,,"012601",,,,,,,,,,,,,,".",".",,,,,,,,,,,,,,"1400000US06075012601","Census Tract 126.01",,,,176750,1291,417,662,193,19,0,0,32.3,51.28,14.95,1.47,0,0
"06075012602","Census Tract 126.02, San Francisco County, California","ca","140","00",,,,"06","075",,,"012602",,,,,,,,,,,,,,".",".",,,,,,,,,,,,,,"1400000US06075012602","Census Tract 126.02",,,,237917,1425,342,736,215,121,0,11,24,51.65,15.09,8.49,0,0.77
"06075012700","Census Tract 127, San Francisco County, California","ca","140","00",,,,"06","075",,,"012700",,,,,,,,,,,,,,".",".",,,,,,,,,,,,,,"1400000US06075012700","Census Tract 127",,,,250001,2074,270,1308,462,10,0,24,13.02,63.07,22.28,0.48,0,1.16
"06075012801","Census Tract 128.01, San Francisco County, California","ca","140","00",,,,"06","075",,,"012801",,,,,,,,,,,,,,".",".",,,,,,,,,,,,,,"1400000US06075012801","Census Tract 128.01",,,,236553,1210,333,582,198,45,52,0,27.52,48.1,16.36,3.72,4.3,0
"06075012802","Census Tract 128.02, San Francisco County, California","ca","140","00",,,,"06","075",,,"012802",,,,,,,,,,,,,,".",".",,,,,,,,,,,,,,"1400000US06075012802","Census Tract 128.02",,,,250001,935,191,537,159,10,38,0,20.43,57.43,17.01,1.07,4.06,0
"06075012901","Census Tract 129.01, San Francisco County, California","ca","140","00",,,,"06","075",,,"012901",,,,,,,,,,,,,,".",".",,,,,,,,,,,,,,"1400000US06075012901","Census Tract 129.01",,,,231841,1454,326,962,152,6,0,8,22.42,66.16,10.45,0.41,0,0.55
"06075012902","Census Tract 129.02, San Francisco County, California","ca","140","00",,,,"06","075",,,"012902",,,,,,,,,,,,,,".",".",,,,,,,,,,,,,,"1400000US06075012902","Census Tract 129.02",,,,210921,1700,488,898,180,134,0,0,28.71,52.82,10.59,7.88,0,0
"06075013001","Census Tract 130.01, San Francisco County, California","ca","140","00",,,,"06","075",,,"013001",,,,,,,,,,,,,,".",".",,,,,,,,,,,,,,"1400000US06075013001","Census Tract 130.01",,,,127031,863,202,426,235,0,0,0,23.41,49.36,27.23,0,0,0
"06075013002","Census Tract 130.02, San Francisco County, California","ca","140","00",,,,"06","075",,,"013002",,,,,,,,,,,,,,".",".",,,,,,,,,,,,,,"1400000US06075013002","Census Tract 130.02",,,,238008,1253,380,629,201,43,0,0,30.33,50.2,16.04,3.43,0,0
"06075013101","Census Tract 131.01, San Francisco County, California","ca","140","00",,,,"06","075",,,"013101",,,,,,,,,,,,,,".",".",,,,,,,,,,,,,,"1400000US06075013101","Census Tract 131.01",,,,206518,2343,589,1471,240,29,0,14,25.14,62.78,10.24,1.24,0,0.6
"06075013102","Census Tract 131.02, San Francisco County, California","ca","140","00",,,,"06","075",,,"013102",,,,,,,,,,,,,,".",".",,,,,,,,,,,,,,"1400000US06075013102","Census Tract 131.02",,,,250001,1565,402,910,186,49,18,0,25.69,58.15,11.88,3.13,1.15,0
"06075013200","Census Tract 132, San Francisco County, California","ca","140","00",,,,"06","075",,,"013200",,,,,,,,,,,,,,".",".",,,,,,,,,,,,,,"1400000US06075013200","Census Tract 132",,,,205265,2209,361,1348,453,34,13,0,16.34,61.02,20.51,1.54,0.59,0
"06075013300","Census Tract 133, San Francisco County, California","ca","140","00",,,,"06","075",,,"013300",,,,,,,,,,,,,,".",".",,,,,,,,,,,,,,"1400000US06075013300","Census Tract 133",,,,177898,1999,679,647,540,112,6,15,33.97,32.37,27.01,5.6,0.3,0.75
"06075013401","Census Tract 134.01, San Francisco County, California","ca","140","00",,,,"06","075",,,"013401",,,,,,,,,,,,,,".",".",,,,,,,,,,,,,,"1400000US06075013401","Census Tract 134.01",,,,208608,797,215,392,173,17,0,0,26.98,49.18,21.71,2.13,0,0
"06075013402","Census Tract 134.02, San Francisco County, California","ca","140","00",,,,"06","075",,,"013402",,,,,,,,,,,,,,".",".",,,,,,,,,,,,,,"1400000US06075013402","Census Tract 134.02",,,,170190,1205,233,757,159,0,56,0,19.34,62.82,13.2,0,4.65,0
"06075013500","Census Tract 135, San Francisco County, California","ca","140","00",,,,"06","075",,,"013500",,,,,,,,,,,,,,".",".",,,,,,,,,,,,,,"1400000US06075013500","Census Tract 135",,,,182241,1614,530,912,165,7,0,0,32.84,56.51,10.22,0.43,0,0
"06075015100","Census Tract 151, San Francisco County, California","ca","140","00",,,,"06","075",,,"015100",,,,,,,,,,,,,,".",".",,,,,,,,,,,,,,"1400000US06075015100","Census Tract 151",,,,170568,1713,695,940,61,13,4,0,40.57,54.87,3.56,0.76,0.23,0
"06075015201","Census Tract 152.01, San Francisco County, California","ca","140","00",,,,"06","075",,,"015201",,,,,,,,,,,,,,".",".",,,,,,,,,,,,,,"1400000US06075015201","Census Tract 152.01",,,,113450,973,484,405,54,30,0,0,49.74,41.62,5.55,3.08,0,0
"06075015202","Census Tract 152.02, San Francisco County, California","ca","140","00",,,,"06","075",,,"015202",,,,,,,,,,,,,,".",".",,,,,,,,,,,,,,"1400000US06075015202","Census Tract 152.02",,,,177533,1065,307,671,64,23,0,0,28.83,63,6.01,2.16,0,0
"06075015300","Census Tract 153, San Francisco County, California","ca","140","00",,,,"06","075",,,"015300",,,,,,,,,,,,,,".",".",,,,,,,,,,,,,,"1400000US06075015300","Census Tract 153",,,,215417,1077,356,487,227,7,0,0,33.05,45.22,21.08,0.65,0,0
"06075015401","Census Tract 154.01, San Francisco County, California","ca","140","00",,,,"06","075",,,"015401",,,,,,,,,,,,,,".",".",,,,,,,,,,,,,,"1400000US06075015401","Census Tract 154.01",,,,173409,1632,340,953,246,93,0,0,20.83,58.39,15.07,5.7,0,0
"06075015402","Census Tract 154.02, San Francisco County, California","ca","140","00",,,,"06","075",,,"015402",,,,,,,,,,,,,,".",".",,,,,,,,,,,,,,"1400000US06075015402","Census Tract 154.02",,,,207292,1331,147,766,327,78,0,13,11.04,57.55,24.57,5.86,0,0.98
"06075015500","Census Tract 155, San Francisco County, California","ca","140","00",,,,"06","075",,,"015500",,,,,,,,,,,,,,".",".",,,,,,,,,,,,,,"1400000US06075015500","Census Tract 155",,,,95909,2250,1278,722,233,17,0,0,56.8,32.09,10.36,0.76,0,0
"06075015600","Census Tract 156, San Francisco County, California","ca","140","00",,,,"06","075",,,"015600",,,,,,,,,,,,,,".",".",,,,,,,,,,,,,,"1400000US06075015600","Census Tract 156",,,,89792,1376,412,739,166,28,31,0,29.94,53.71,12.06,2.03,2.25,0
"06075015701","Census Tract 157.01, San Francisco County, California","ca","140","00",,,,"06","075",,,"015701",,,,,,,,,,,,,,".",".",,,,,,,,,,,,,,"1400000US06075015701","Census Tract 157.01",,,,156581,1217,229,567,373,48,0,0,18.82,46.59,30.65,3.94,0,0
"06075015702","Census Tract 157.02, San Francisco County, California","ca","140","00",,,,"06","075",,,"015702",,,,,,,,,,,,,,".",".",,,,,,,,,,,,,,"1400000US06075015702","Census Tract 157.02",,,,211641,1397,204,842,266,75,10,0,14.6,60.27,19.04,5.37,0.72,0
"06075015801","Census Tract 158.01, San Francisco County, California","ca","140","00",,,,"06","075",,,"015801",,,,,,,,,,,,,,".",".",,,,,,,,,,,,,,"1400000US06075015801","Census Tract 158.01",,,,149643,1416,375,821,199,0,10,11,26.48,57.98,14.05,0,0.71,0.78
"06075015802","Census Tract 158.02, San Francisco County, California","ca","140","00",,,,"06","075",,,"015802",,,,,,,,,,,,,,".",".",,,,,,,,,,,,,,"1400000US06075015802","Census Tract 158.02",,,,142700,1572,514,768,227,54,0,9,32.7,48.85,14.44,3.44,0,0.57
"06075015900","Census Tract 159, San Francisco County, California","ca","140","00",,,,"06","075",,,"015900",,,,,,,,,,,,,,".",".",,,,,,,,,,,,,,"1400000US06075015900","Census Tract 159",,,,83162,2159,1096,791,224,29,19,0,50.76,36.64,10.38,1.34,0.88,0
"06075016000","Census Tract 160, San Francisco County, California","ca","140","00",,,,"06","075",,,"016000",,,,,,,,,,,,,,".",".",,,,,,,,,,,,,,"1400000US06075016000","Census Tract 160",,,,141304,1724,1023,632,56,13,0,0,59.34,36.66,3.25,0.75,0,0
"06075016101","Census Tract 161.01, San Francisco County, California","ca","140","00",,,,"06","075",,,"016101",,,,,,,,,,,,,,".",".",,,,,,,,,,,,,,"1400000US06075016101","Census Tract 161.01",,,,,1572,869,557,146,0,0,0,55.28,35.43,9.29,0,0,0
"06075016102","Census Tract 161.02, San Francisco County, California","ca","140","00",,,,"06","075",,,"016102",,,,,,,,,,,,,,".",".",,,,,,,,,,,,,,"1400000US06075016102","Census Tract 161.02",,,,,1212,641,418,107,46,0,0,52.89,34.49,8.83,3.8,0,0
"06075016200","Census Tract 162, San Francisco County, California","ca","140","00",,,,"06","075",,,"016200",,,,,,,,,,,,,,".",".",,,,,,,,,,,,,,"1400000US06075016200","Census Tract 162",,,,125913,1872,1004,741,127,0,0,0,53.63,39.58,6.78,0,0,0
"06075016300","Census Tract 163, San Francisco County, California","ca","140","00",,,,"06","075",,,"016300",,,,,,,,,,,,,,".",".",,,,,,,,,,,,,,"1400000US06075016300","Census Tract 163",,,,101964,1944,718,1053,113,42,18,0,36.93,54.17,5.81,2.16,0.93,0
"06075016400","Census Tract 164, San Francisco County, California","ca","140","00",,,,"06","075",,,"016400",,,,,,,,,,,,,,".",".",,,,,,,,,,,,,,"1400000US06075016400","Census Tract 164",,,,183281,1679,650,829,121,16,32,31,38.71,49.37,7.21,0.95,1.91,1.85
"06075016500","Census Tract 165, San Francisco County, California","ca","140","00",,,,"06","075",,,"016500",,,,,,,,,,,,,,".",".",,,,,,,,,,,,,,"1400000US06075016500","Census Tract 165",,,,180152,2303,683,1330,290,0,0,0,29.66,57.75,12.59,0,0,0
"06075016601","Census Tract 166.01, San Francisco County, California","ca","140","00",,,,"06","075",,,"016601",,,,,,,,,,,,,,".",".",,,,,,,,,,,,,,"1400000US06075016601","Census Tract 166.01",,,,146691,1511,601,778,110,0,22,0,39.77,51.49,7.28,0,1.46,0
"06075016602","Census Tract 166.02, San Francisco County, California","ca","140","00",,,,"06","075",,,"016602",,,,,,,,,,,,,,".",".",,,,,,,,,,,,,,"1400000US06075016602","Census Tract 166.02",,,,218394,988,197,700,52,39,0,0,19.94,70.85,5.26,3.95,0,0
"06075016700","Census Tract 167, San Francisco County, California","ca","140","00",,,,"06","075",,,"016700",,,,,,,,,,,,,,".",".",,,,,,,,,,,,,,"1400000US06075016700","Census Tract 167",,,,246989,2315,879,938,483,15,0,0,37.97,40.52,20.86,0.65,0,0
"06075016801","Census Tract 168.01, San Francisco County, California","ca","140","00",,,,"06","075",,,"016801",,,,,,,,,,,,,,".",".",,,,,,,,,,,,,,"1400000US06075016801","Census Tract 168.01",,,,148173,1997,1044,757,117,19,5,55,52.28,37.91,5.86,0.95,0.25,2.75
"06075016802","Census Tract 168.02, San Francisco County, California","ca","140","00",,,,"06","075",,,"016802",,,,,,,,,,,,,,".",".",,,,,,,,,,,,,,"1400000US06075016802","Census Tract 168.02",,,,109107,1924,947,831,77,69,0,0,49.22,43.19,4,3.59,0,0
"06075016900","Census Tract 169, San Francisco County, California","ca","140","00",,,,"06","075",,,"016900",,,,,,,,,,,,,,".",".",,,,,,,,,,,,,,"1400000US06075016900","Census Tract 169",,,,174545,1620,731,710,128,32,10,9,45.12,43.83,7.9,1.98,0.62,0.56
"06075017000","Census Tract 170, San Francisco County, California","ca","140","00",,,,"06","075",,,"017000",,,,,,,,,,,,,,".",".",,,,,,,,,,,,,,"1400000US06075017000","Census Tract 170",,,,240556,2146,412,1141,565,28,0,0,19.2,53.17,26.33,1.3,0,0
"06075017101","Census Tract 171.01, San Francisco County, California","ca","140","00",,,,"06","075",,,"017101",,,,,,,,,,,,,,".",".",,,,,,,,,,,,,,"1400000US06075017101","Census Tract 171.01",,,,200357,1776,449,755,470,86,9,7,25.28,42.51,26.46,4.84,0.51,0.39
"06075017102","Census Tract 171.02, San Francisco County, California","ca","140","00",,,,"06","075",,,"017102",,,,,,,,,,,,,,".",".",,,,,,,,,,,,,,"1400000US06075017102","Census Tract 171.02",,,,176304,1538,440,744,318,36,0,0,28.61,48.37,20.68,2.34,0,0
"06075017602","Census Tract 176.02, San Francisco County, California","ca","140","00",,,,"06","075",,,"017602",,,,,,,,,,,,,,".",".",,,,,,,,,,,,,,"1400000US06075017602","Census Tract 176.02",,,,83468,1534,1011,412,101,0,0,10,65.91,26.86,6.58,0,0,0.65
"06075017603","Census Tract 176.03, San Francisco County, California","ca","140","00",,,,"06","075",,,"017603",,,,,,,,,,,,,,".",".",,,,,,,,,,,,,,"1400000US06075017603","Census Tract 176.03",,,,132600,2376,1465,709,129,47,26,0,61.66,29.84,5.43,1.98,1.09,0
"06075017604","Census Tract 176.04, San Francisco County, California","ca","140","00",,,,"06","075",,,"017604",,,,,,,,,,,,,,".",".",,,,,,,,,,,,,,"1400000US06075017604","Census Tract 176.04",,,,106438,2175,1515,490,170,0,0,0,69.66,22.53,7.82,0,0,0
"06075017700","Census Tract 177, San Francisco County, California","ca","140","00",,,,"06","075",,,"017700",,,,,,,,,,,,,,".",".",,,,,,,,,,,,,,"1400000US06075017700","Census Tract 177",,,,178125,1174,445,558,163,8,0,0,37.9,47.53,13.88,0.68,0,0
"06075017801","Census Tract 178.01, San Francisco County, California","ca","140","00",,,,"06","075",,,"017801",,,,,,,,,,,,,,".",".",,,,,,,,,,,,,,"1400000US06075017801","Census Tract 178.01",,,,31215,2381,1431,788,162,0,0,0,60.1,33.1,6.8,0,0,0
"06075017803","Census Tract 178.03, San Francisco County, California","ca","140","00",,,,"06","075",,,"017803",,,,,,,,,,,,,,".",".",,,,,,,,,,,,,,"1400000US06075017803","Census Tract 178.03",,,,126319,1174,615,463,96,0,0,0,52.39,39.44,8.18,0,0,0
"06075017804","Census Tract 178.04, San Francisco County, California","ca","140","00",,,,"06","075",,,"017804",,,,,,,,,,,,,,".",".",,,,,,,,,,,,,,"1400000US06075017804","Census Tract 178.04",,,,138561,2132,923,1086,123,0,0,0,43.29,50.94,5.77,0,0,0
"06075017903","Census Tract 179.03, San Francisco County, California","ca","140","00",,,,"06","075",,,"017903",,,,,,,,,,,,,,".",".",,,,,,,,,,,,,,"1400000US06075017903","Census Tract 179.03",,,,91750,617,91,213,160,146,7,0,14.75,34.52,25.93,23.66,1.13,0
"06075018000","Census Tract 180, San Francisco County, California","ca","140","00",,,,"06","075",,,"018000",,,,,,,,,,,,,,".",".",,,,,,,,,,,,,,"1400000US06075018000","Census Tract 180",,,,209083,1525,633,842,41,9,0,0,41.51,55.21,2.69,0.59,0,0
"06075020101","Census Tract 201.01, San Francisco County, California","ca","140","00",,,,"06","075",,,"020101",,,,,,,,,,,,,,".",".",,,,,,,,,,,,,,"1400000US06075020101","Census Tract 201.01",,,,140132,1917,835,902,86,94,0,0,43.56,47.05,4.49,4.9,0,0
"06075020102","Census Tract 201.02, San Francisco County, California","ca","140","00",,,,"06","075",,,"020102",,,,,,,,,,,,,,".",".",,,,,,,,,,,,,,"1400000US06075020102","Census Tract 201.02",,,,108095,1396,760,213,388,0,0,35,54.44,15.26,27.79,0,0,2.51
"06075020201","Census Tract 202.01, San Francisco County, California","ca","140","00",,,,"06","075",,,"020201",,,,,,,,,,,,,,".",".",,,,,,,,,,,,,,"1400000US06075020201","Census Tract 202.01",,,,,1005,501,371,87,42,4,0,49.85,36.92,8.66,4.18,0.4,0
"06075020202","Census Tract 202.02, San Francisco County, California","ca","140","00",,,,"06","075",,,"020202",,,,,,,,,,,,,,".",".",,,,,,,,,,,,,,"1400000US06075020202","Census Tract 202.02",,,,166932,2173,1085,898,128,62,0,0,49.93,41.33,5.89,2.85,0,0
"06075020300","Census Tract 203, San Francisco County, California","ca","140","00",,,,"06","075",,,"020300",,,,,,,,,,,,,,".",".",,,,,,,,,,,,,,"1400000US06075020300","Census Tract 203",,,,179313,2189,912,1071,173,33,0,0,41.66,48.93,7.9,1.51,0,0
"06075020401","Census Tract 204.01, San Francisco County, California","ca","140","00",,,,"06","075",,,"020401",,,,,,,,,,,,,,".",".",,,,,,,,,,,,,,"1400000US06075020401","Census Tract 204.01",,,,190966,1607,269,824,418,51,45,0,16.74,51.28,26.01,3.17,2.8,0
"06075020402","Census Tract 204.02, San Francisco County, California","ca","140","00",,,,"06","075",,,"020402",,,,,,,,,,,,,,".",".",,,,,,,,,,,,,,"1400000US06075020402","Census Tract 204.02",,,,158451,2385,395,1252,635,44,59,0,16.56,52.49,26.62,1.84,2.47,0
"06075020500","Census Tract 205, San Francisco County, California","ca","140","00",,,,"06","075",,,"020500",,,,,,,,,,,,,,".",".",,,,,,,,,,,,,,"1400000US06075020500","Census Tract 205",,,,248571,1274,292,673,290,19,0,0,22.92,52.83,22.76,1.49,0,0
"06075020601","Census Tract 206.01, San Francisco County, California","ca","140","00",,,,"06","075",,,"020601",,,,,,,,,,,,,,".",".",,,,,,,,,,,,,,"1400000US06075020601","Census Tract 206.01",,,,182465,1399,579,536,136,102,46,0,41.39,38.31,9.72,7.29,3.29,0
"06075020602","Census Tract 206.02, San Francisco County, California","ca","140","00",,,,"06","075",,,"020602",,,,,,,,,,,,,,".",".",,,,,,,,,,,,,,"1400000US06075020602","Census Tract 206.02",,,,204044,1317,423,623,254,17,0,0,32.12,47.3,19.29,1.29,0,0
"06075020701","Census Tract 207.01, San Francisco County, California","ca","140","00",,,,"06","075",,,"020701",,,,,,,,,,,,,,".",".",,,,,,,,,,,,,,"1400000US06075020701","Census Tract 207.01",,,,217386,1397,401,874,93,0,29,0,28.7,62.56,6.66,0,2.08,0
"06075020702","Census Tract 207.02, San Francisco County, California","ca","140","00",,,,"06","075",,,"020702",,,,,,,,,,,,,,".",".",,,,,,,,,,,,,,"1400000US06075020702","Census Tract 207.02",,,,148898,1104,556,483,65,0,0,0,50.36,43.75,5.89,0,0,0
"06075020801","Census Tract 208.01, San Francisco County, California","ca","140","00",,,,"06","075",,,"020801",,,,,,,,,,,,,,".",".",,,,,,,,,,,,,,"1400000US06075020801","Census Tract 208.01",,,,103997,1519,578,630,267,44,0,0,38.05,41.47,17.58,2.9,0,0
"06075020802","Census Tract 208.02, San Francisco County, California","ca","140","00",,,,"06","075",,,"020802",,,,,,,,,,,,,,".",".",,,,,,,,,,,,,,"1400000US06075020802","Census Tract 208.02",,,,117000,1114,691,367,48,8,0,0,62.03,32.94,4.31,0.72,0,0
"06075020900","Census Tract 209, San Francisco County, California","ca","140","00",,,,"06","075",,,"020900",,,,,,,,,,,,,,".",".",,,,,,,,,,,,,,"1400000US06075020900","Census Tract 209",,,,94360,1557,608,794,107,48,0,0,39.05,51,6.87,3.08,0,0
"06075021000","Census Tract 210, San Francisco County, California","ca","140","00",,,,"06","075",,,"021000",,,,,,,,,,,,,,".",".",,,,,,,,,,,,,,"1400000US06075021000","Census Tract 210",,,,157027,1758,634,783,268,15,0,58,36.06,44.54,15.24,0.85,0,3.3
"06075021100","Census Tract 211, San Francisco County, California","ca","140","00",,,,"06","075",,,"021100",,,,,,,,,,,,,,".",".",,,,,,,,,,,,,,"1400000US06075021100","Census Tract 211",,,,244813,2021,430,1078,420,79,14,0,21.28,53.34,20.78,3.91,0.69,0
"06075021200","Census Tract 212, San Francisco County, California","ca","140","00",,,,"06","075",,,"021200",,,,,,,,,,,,,,".",".",,,,,,,,,,,,,,"1400000US06075021200","Census Tract 212",,,,195714,1424,243,822,318,31,10,0,17.06,57.72,22.33,2.18,0.7,0
"06075021300","Census Tract 213, San Francisco County, California","ca","140","00",,,,"06","075",,,"021300",,,,,,,,,,,,,,".",".",,,,,,,,,,,,,,"1400000US06075021300","Census Tract 213",,,,216944,1212,102,625,362,111,12,0,8.42,51.57,29.87,9.16,0.99,0
"06075021400","Census Tract 214, San Francisco County, California","ca","140","00",,,,"06","075",,,"021400",,,,,,,,,,,,,,".",".",,,,,,,,,,,,,,"1400000US06075021400","Census Tract 214",,,,228056,1716,317,1072,309,18,0,0,18.47,62.47,18.01,1.05,0,0
"06075021500","Census Tract 215, San Francisco County, California","ca","140","00",,,,"06","075",,,"021500",,,,,,,,,,,,,,".",".",,,,,,,,,,,,,,"1400000US06075021500","Census Tract 215",,,,176417,2513,217,1513,636,63,32,52,8.64,60.21,25.31,2.51,1.27,2.07
"06075021600","Census Tract 216, San Francisco County, California","ca","140","00",,,,"06","075",,,"021600",,,,,,,,,,,,,,".",".",,,,,,,,,,,,,,"1400000US06075021600","Census Tract 216",,,,237909,2111,337,1010,660,69,35,0,15.96,47.84,31.26,3.27,1.66,0
"06075021700","Census Tract 217, San Francisco County, California","ca","140","00",,,,"06","075",,,"021700",,,,,,,,,,,,,,".",".",,,,,,,,,,,,,,"1400000US06075021700","Census Tract 217",,,,139722,1798,75,1037,540,123,15,8,4.17,57.68,30.03,6.84,0.83,0.44
"06075021800","Census Tract 218, San Francisco County, California","ca","140","00",,,,"06","075",,,"021800",,,,,,,,,,,,,,".",".",,,,,,,,,,,,,,"1400000US06075021800","Census Tract 218",,,,222891,1777,171,942,576,82,6,0,9.62,53.01,32.41,4.61,0.34,0
"06075022600","Census Tract 226, San Francisco County, California","ca","140","00",,,,"06","075",,,"022600",,,,,,,,,,,,,,".",".",,,,,,,,,,,,,,"1400000US06075022600","Census Tract 226",,,,243007,2185,595,1211,354,25,0,0,27.23,55.42,16.2,1.14,0,0
"06075022702","Census Tract 227.02, San Francisco County, California","ca","140","00",,,,"06","075",,,"022702",,,,,,,,,,,,,,".",".",,,,,,,,,,,,,,"1400000US06075022702","Census Tract 227.02",,,,250001,1001,133,674,151,43,0,0,13.29,67.33,15.08,4.3,0,0
"06075022704","Census Tract 227.04, San Francisco County, California","ca","140","00",,,,"06","075",,,"022704",,,,,,,,,,,,,,".",".",,,,,,,,,,,,,,"1400000US06075022704","Census Tract 227.04",,,,240000,1822,183,1100,444,43,27,25,10.04,60.37,24.37,2.36,1.48,1.37
"06075022801","Census Tract 228.01, San Francisco County, California","ca","140","00",,,,"06","075",,,"022801",,,,,,,,,,,,,,".",".",,,,,,,,,,,,,,"1400000US06075022801","Census Tract 228.01",,,,143531,1895,372,1077,355,91,0,0,19.63,56.83,18.73,4.8,0,0
"06075022802","Census Tract 228.02, San Francisco County, California","ca","140","00",,,,"06","075",,,"022802",,,,,,,,,,,,,,".",".",,,,,,,,,,,,,,"1400000US06075022802","Census Tract 228.02",,,,137969,751,189,398,133,31,0,0,25.17,53,17.71,4.13,0,0
"06075022803","Census Tract 228.03, San Francisco County, California","ca","140","00",,,,"06","075",,,"022803",,,,,,,,,,,,,,".",".",,,,,,,,,,,,,,"1400000US06075022803","Census Tract 228.03",,,,158545,1422,382,648,291,84,17,0,26.86,45.57,20.46,5.91,1.2,0
"06075022901","Census Tract 229.01, San Francisco County, California","ca","140","00",,,,"06","075",,,"022901",,,,,,,,,,,,,,".",".",,,,,,,,,,,,,,"1400000US06075022901","Census Tract 229.01",,,,94214,1408,402,728,242,36,0,0,28.55,51.7,17.19,2.56,0,0
"06075022902","Census Tract 229.02, San Francisco County, California","ca","140","00",,,,"06","075",,,"022902",,,,,,,,,,,,,,".",".",,,,,,,,,,,,,,"1400000US06075022902","Census Tract 229.02",,,,199671,727,160,370,173,24,0,0,22.01,50.89,23.8,3.3,0,0
"06075022903","Census Tract 229.03, San Francisco County, California","ca","140","00",,,,"06","075",,,"022903",,,,,,,,,,,,,,".",".",,,,,,,,,,,,,,"1400000US06075022903","Census Tract 229.03",,,,201250,1058,159,599,181,108,11,0,15.03,56.62,17.11,10.21,1.04,0
"06075023001","Census Tract 230.01, San Francisco County, California","ca","140","00",,,,"06","075",,,"023001",,,,,,,,,,,,,,".",".",,,,,,,,,,,,,,"1400000US06075023001","Census Tract 230.01",,,,140179,1319,35,429,600,136,66,53,2.65,32.52,45.49,10.31,5,4.02
"06075023003","Census Tract 230.03, San Francisco County, California","ca","140","00",,,,"06","075",,,"023003",,,,,,,,,,,,,,".",".",,,,,,,,,,,,,,"1400000US06075023003","Census Tract 230.03",,,,118889,1206,195,410,325,176,58,42,16.17,34,26.95,14.59,4.81,3.48
"06075023102","Census Tract 231.02, San Francisco County, California","ca","140","00",,,,"06","075",,,"023102",,,,,,,,,,,,,,".",".",,,,,,,,,,,,,,"1400000US06075023102","Census Tract 231.02",,,,46331,1128,304,469,246,109,0,0,26.95,41.58,21.81,9.66,0,0
"06075023103","Census Tract 231.03, San Francisco County, California","ca","140","00",,,,"06","075",,,"023103",,,,,,,,,,,,,,".",".",,,,,,,,,,,,,,"1400000US06075023103","Census Tract 231.03",,,,28393,1518,366,960,192,0,0,0,24.11,63.24,12.65,0,0,0
"06075023200","Census Tract 232, San Francisco County, California","ca","140","00",,,,"06","075",,,"023200",,,,,,,,,,,,,,".",".",,,,,,,,,,,,,,"1400000US06075023200","Census Tract 232",,,,111597,1153,49,483,285,307,7,22,4.25,41.89,24.72,26.63,0.61,1.91
"06075023300","Census Tract 233, San Francisco County, California","ca","140","00",,,,"06","075",,,"023300",,,,,,,,,,,,,,".",".",,,,,,,,,,,,,,"1400000US06075023300","Census Tract 233",,,,92574,1281,199,621,283,131,26,21,15.53,48.48,22.09,10.23,2.03,1.64
"06075023400","Census Tract 234, San Francisco County, California","ca","140","00",,,,"06","075",,,"023400",,,,,,,,,,,,,,".",".",,,,,,,,,,,,,,"1400000US06075023400","Census Tract 234",,,,80788,1169,268,455,205,167,59,15,22.93,38.92,17.54,14.29,5.05,1.28
"06075025100","Census Tract 251, San Francisco County, California","ca","140","00",,,,"06","075",,,"025100",,,,,,,,,,,,,,".",".",,,,,,,,,,,,,,"1400000US06075025100","Census Tract 251",,,,139600,1306,152,564,462,75,53,0,11.64,43.19,35.38,5.74,4.06,0
"06075025200","Census Tract 252, San Francisco County, California","ca","140","00",,,,"06","075",,,"025200",,,,,,,,,,,,,,".",".",,,,,,,,,,,,,,"1400000US06075025200","Census Tract 252",,,,163321,2463,510,1277,615,61,0,0,20.71,51.85,24.97,2.48,0,0
"06075025300","Census Tract 253, San Francisco County, California","ca","140","00",,,,"06","075",,,"025300",,,,,,,,,,,,,,".",".",,,,,,,,,,,,,,"1400000US06075025300","Census Tract 253",,,,189688,1692,280,895,341,103,18,55,16.55,52.9,20.15,6.09,1.06,3.25
"06075025401","Census Tract 254.01, San Francisco County, California","ca","140","00",,,,"06","075",,,"025401",,,,,,,,,,,,,,".",".",,,,,,,,,,,,,,"1400000US06075025401","Census Tract 254.01",,,,183902,1357,173,706,399,63,0,16,12.75,52.03,29.4,4.64,0,1.18
"06075025402","Census Tract 254.02, San Francisco County, California","ca","140","00",,,,"06","075",,,"025402",,,,,,,,,,,,,,".",".",,,,,,,,,,,,,,"1400000US06075025402","Census Tract 254.02",,,,173352,1087,76,505,324,172,10,0,6.99,46.46,29.81,15.82,0.92,0
"06075025403","Census Tract 254.03, San Francisco County, California","ca","140","00",,,,"06","075",,,"025403",,,,,,,,,,,,,,".",".",,,,,,,,,,,,,,"1400000US06075025403","Census Tract 254.03",,,,128947,1380,172,563,424,58,135,28,12.46,40.8,30.72,4.2,9.78,2.03
"06075025501","Census Tract 255.01, San Francisco County, California","ca","140","00",,,,"06","075",,,"025501",,,,,,,,,,,,,,".",".",,,,,,,,,,,,,,"1400000US06075025501","Census Tract 255.01",,,,146477,1031,5,358,478,149,0,41,0.48,34.72,46.36,14.45,0,3.98
"06075025502","Census Tract 255.02, San Francisco County, California","ca","140","00",,,,"06","075",,,"025502",,,,,,,,,,,,,,".",".",,,,,,,,,,,,,,"1400000US06075025502","Census Tract 255.02",,,,168483,1220,175,652,251,118,0,24,14.34,53.44,20.57,9.67,0,1.97
"06075025600","Census Tract 256, San Francisco County, California","ca","140","00",,,,"06","075",,,"025600",,,,,,,,,,,,,,".",".",,,,,,,,,,,,,,"1400000US06075025600","Census Tract 256",,,,114250,1656,234,504,438,229,176,75,14.13,30.43,26.45,13.83,10.63,4.53
"06075025701","Census Tract 257.01, San Francisco County, California","ca","140","00",,,,"06","075",,,"025701",,,,,,,,,,,,,,".",".",,,,,,,,,,,,,,"1400000US06075025701","Census Tract 257.01",,,,129663,1559,100,676,435,192,87,69,6.41,43.36,27.9,12.32,5.58,4.43
"06075025702","Census Tract 257.02, San Francisco County, California","ca","140","00",,,,"06","075",,,"025702",,,,,,,,,,,,,,".",".",,,,,,,,,,,,,,"1400000US06075025702","Census Tract 257.02",,,,104250,1135,192,293,357,166,95,32,16.92,25.81,31.45,14.63,8.37,2.82
"06075025800","Census Tract 258, San Francisco County, California","ca","140","00",,,,"06","075",,,"025800",,,,,,,,,,,,,,".",".",,,,,,,,,,,,,,"1400000US06075025800","Census Tract 258",,,,82546,621,158,194,195,52,0,22,25.44,31.24,31.4,8.37,0,3.54
"06075025900","Census Tract 259, San Francisco County, California","ca","140","00",,,,"06","075",,,"025900",,,,,,,,,,,,,,".",".",,,,,,,,,,,,,,"1400000US06075025900","Census Tract 259",,,,151418,1444,103,426,710,105,68,32,7.13,29.5,49.17,7.27,4.71,2.22
"06075026001","Census Tract 260.01, San Francisco County, California","ca","140","00",,,,"06","075",,,"026001",,,,,,,,,,,,,,".",".",,,,,,,,,,,,,,"1400000US06075026001","Census Tract 260.01",,,,119088,1785,203,672,415,440,33,22,11.37,37.65,23.25,24.65,1.85,1.23
"06075026002","Census Tract 260.02, San Francisco County, California","ca","140","00",,,,"06","075",,,"026002",,,,,,,,,,,,,,".",".",,,,,,,,,,,,,,"1400000US06075026002","Census Tract 260.02",,,,119038,1038,47,396,391,154,32,18,4.53,38.15,37.67,14.84,3.08,1.73
"06075026003","Census Tract 260.03, San Francisco County, California","ca","140","00",,,,"06","075",,,"026003",,,,,,,,,,,,,,".",".",,,,,,,,,,,,,,"1400000US06075026003","Census Tract 260.03",,,,99044,1393,153,396,599,130,62,53,10.98,28.43,43,9.33,4.45,3.8
"06075026004","Census Tract 260.04, San Francisco County, California","ca","140","00",,,,"06","075",,,"026004",,,,,,,,,,,,,,".",".",,,,,,,,,,,,,,"1400000US06075026004","Census Tract 260.04",,,,133542,1121,160,423,371,74,93,0,14.27,37.73,33.1,6.6,8.3,0
"06075026100","Census Tract 261, San Francisco County, California","ca","140","00",,,,"06","075",,,"026100",,,,,,,,,,,,,,".",".",,,,,,,,,,,,,,"1400000US06075026100","Census Tract 261",,,,123070,2007,361,603,705,275,0,63,17.99,30.04,35.13,13.7,0,3.14
"06075026201","Census Tract 262.01, San Francisco County, California","ca","140","00",,,,"06","075",,,"026201",,,,,,,,,,,,,,".",".",,,,,,,,,,,,,,"1400000US06075026201","Census Tract 262.01",,,,149067,999,139,312,349,163,36,0,13.91,31.23,34.93,16.32,3.6,0
"06075026202","Census Tract 262.02, San Francisco County, California","ca","140","00",,,,"06","075",,,"026202",,,,,,,,,,,,,,".",".",,,,,,,,,,,,,,"1400000US06075026202","Census Tract 262.02",,,,144127,1043,171,300,350,118,97,7,16.4,28.76,33.56,11.31,9.3,0.67
"06075026301","Census Tract 263.01, San Francisco County, California","ca","140","00",,,,"06","075",,,"026301",,,,,,,,,,,,,,".",".",,,,,,,,,,,,,,"1400000US06075026301","Census Tract 263.01",,,,102131,1365,304,482,344,205,9,21,22.27,35.31,25.2,15.02,0.66,1.54
"06075026302","Census Tract 263.02, San Francisco County, California","ca","140","00",,,,"06","075",,,"026302",,,,,,,,,,,,,,".",".",,,,,,,,,,,,,,"1400000US06075026302","Census Tract 263.02",,,,99091,1552,164,691,330,241,95,31,10.57,44.52,21.26,15.53,6.12,2
"06075026303","Census Tract 263.03, San Francisco County, California","ca","140","00",,,,"06","075",,,"026303",,,,,,,,,,,,,,".",".",,,,,,,,,,,,,,"1400000US06075026303","Census Tract 263.03",,,,94167,1342,65,278,617,211,104,67,4.84,20.72,45.98,15.72,7.75,4.99
"06075026401","Census Tract 264.01, San Francisco County, California","ca","140","00",,,,"06","075",,,"026401",,,,,,,,,,,,,,".",".",,,,,,,,,,,,,,"1400000US06075026401","Census Tract 264.01",,,,80563,1035,271,244,274,133,100,13,26.18,23.57,26.47,12.85,9.66,1.26
"06075026402","Census Tract 264.02, San Francisco County, California","ca","140","00",,,,"06","075",,,"026402",,,,,,,,,,,,,,".",".",,,,,,,,,,,,,,"1400000US06075026402","Census Tract 264.02",,,,117230,1262,144,402,385,250,10,71,11.41,31.85,30.51,19.81,0.79,5.63
"06075026403","Census Tract 264.03, San Francisco County, California","ca","140","00",,,,"06","075",,,"026403",,,,,,,,,,,,,,".",".",,,,,,,,,,,,,,"1400000US06075026403","Census Tract 264.03",,,,73750,1109,164,400,212,310,22,1,14.79,36.07,19.12,27.95,1.98,0.09
"06075026404","Census Tract 264.04, San Francisco County, California","ca","140","00",,,,"06","075",,,"026404",,,,,,,,,,,,,,".",".",,,,,,,,,,,,,,"1400000US06075026404","Census Tract 264.04",,,,83500,694,95,218,205,142,26,8,13.69,31.41,29.54,20.46,3.75,1.15
"06075030101","Census Tract 301.01, San Francisco County, California","ca","140","00",,,,"06","075",,,"030101",,,,,,,,,,,,,,".",".",,,,,,,,,,,,,,"1400000US06075030101","Census Tract 301.01",,,,151384,2098,597,1118,352,31,0,0,28.46,53.29,16.78,1.48,0,0
"06075030102","Census Tract 301.02, San Francisco County, California","ca","140","00",,,,"06","075",,,"030102",,,,,,,,,,,,,,".",".",,,,,,,,,,,,,,"1400000US06075030102","Census Tract 301.02",,,,206515,2120,260,1423,311,107,19,0,12.26,67.12,14.67,5.05,0.9,0
"06075030201","Census Tract 302.01, San Francisco County, California","ca","140","00",,,,"06","075",,,"030201",,,,,,,,,,,,,,".",".",,,,,,,,,,,,,,"1400000US06075030201","Census Tract 302.01",,,,115292,1971,611,948,305,53,53,1,31,48.1,15.47,2.69,2.69,0.05
"06075030202","Census Tract 302.02, San Francisco County, California","ca","140","00",,,,"06","075",,,"030202",,,,,,,,,,,,,,".",".",,,,,,,,,,,,,,"1400000US06075030202","Census Tract 302.02",,,,149306,2045,627,1119,257,34,8,0,30.66,54.72,12.57,1.66,0.39,0
"06075030301","Census Tract 303.01, San Francisco County, California","ca","140","00",,,,"06","075",,,"030301",,,,,,,,,,,,,,".",".",,,,,,,,,,,,,,"1400000US06075030301","Census Tract 303.01",,,,191338,2542,217,1335,668,182,79,61,8.54,52.52,26.28,7.16,3.11,2.4
"06075030302","Census Tract 303.02, San Francisco County, California","ca","140","00",,,,"06","075",,,"030302",,,,,,,,,,,,,,".",".",,,,,,,,,,,,,,"1400000US06075030302","Census Tract 303.02",,,,170000,1318,17,599,464,152,65,21,1.29,45.45,35.2,11.53,4.93,1.59
"06075030400","Census Tract 304, San Francisco County, California","ca","140","00",,,,"06","075",,,"030400",,,,,,,,,,,,,,".",".",,,,,,,,,,,,,,"1400000US06075030400","Census Tract 304",,,,140524,2193,150,786,1067,167,11,12,6.84,35.84,48.65,7.62,0.5,0.55
"06075030500","Census Tract 305, San Francisco County, California","ca","140","00",,,,"06","075",,,"030500",,,,,,,,,,,,,,".",".",,,,,,,,,,,,,,"1400000US06075030500","Census Tract 305",,,,182375,1008,134,291,308,185,38,52,13.29,28.87,30.56,18.35,3.77,5.16
"06075030600","Census Tract 306, San Francisco County, California","ca","140","00",,,,"06","075",,,"030600",,,,,,,,,,,,,,".",".",,,,,,,,,,,,,,"1400000US06075030600","Census Tract 306",,,,238750,903,33,308,429,117,11,5,3.65,34.11,47.51,12.96,1.22,0.55
"06075030700","Census Tract 307, San Francisco County, California","ca","140","00",,,,"06","075",,,"030700",,,,,,,,,,,,,,".",".",,,,,,,,,,,,,,"1400000US06075030700","Census Tract 307",,,,156827,2685,120,882,1338,251,94,0,4.47,32.85,49.83,9.35,3.5,0
"06075030800","Census Tract 308, San Francisco County, California","ca","140","00",,,,"06","075",,,"030800",,,,,,,,,,,,,,".",".",,,,,,,,,,,,,,"1400000US06075030800","Census Tract 308",,,,190625,1998,270,518,766,336,46,62,13.51,25.93,38.34,16.82,2.3,3.1
"06075030900","Census Tract 309, San Francisco County, California","ca","140","00",,,,"06","075",,,"030900",,,,,,,,,,,,,,".",".",,,,,,,,,,,,,,"1400000US06075030900","Census Tract 309",,,,204375,2310,99,621,992,310,249,39,4.29,26.88,42.94,13.42,10.78,1.69
"06075031000","Census Tract 310, San Francisco County, California","ca","140","00",,,,"06","075",,,"031000",,,,,,,,,,,,,,".",".",,,,,,,,,,,,,,"1400000US06075031000","Census Tract 310",,,,196389,1540,132,552,527,152,166,11,8.57,35.84,34.22,9.87,10.78,0.71
"06075031100","Census Tract 311, San Francisco County, California","ca","140","00",,,,"06","075",,,"031100",,,,,,,,,,,,,,".",".",,,,,,,,,,,,,,"1400000US06075031100","Census Tract 311",,,,197432,2387,204,1003,768,275,137,0,8.55,42.02,32.17,11.52,5.74,0
"06075031201","Census Tract 312.01, San Francisco County, California","ca","140","00",,,,"06","075",,,"031201",,,,,,,,,,,,,,".",".",,,,,,,,,,,,,,"1400000US06075031201","Census Tract 312.01",,,,107648,1789,503,534,471,142,86,53,28.12,29.85,26.33,7.94,4.81,2.96
"06075031202","Census Tract 312.02, San Francisco County, California","ca","140","00",,,,"06","075",,,"031202",,,,,,,,,,,,,,".",".",,,,,,,,,,,,,,"1400000US06075031202","Census Tract 312.02",,,,156250,818,107,235,303,95,72,6,13.08,28.73,37.04,11.61,8.8,0.73
"06075031301","Census Tract 313.01, San Francisco County, California","ca","140","00",,,,"06","075",,,"031301",,,,,,,,,,,,,,".",".",,,,,,,,,,,,,,"1400000US06075031301","Census Tract 313.01",,,,132222,1560,117,824,293,247,20,59,7.5,52.82,18.78,15.83,1.28,3.78
"06075031302","Census Tract 313.02, San Francisco County, California","ca","140","00",,,,"06","075",,,"031302",,,,,,,,,,,,,,".",".",,,,,,,,,,,,,,"1400000US06075031302","Census Tract 313.02",,,,127050,1733,118,856,614,145,0,0,6.81,49.39,35.43,8.37,0,0
"06075031401","Census Tract 314.01, San Francisco County, California","ca","140","00",,,,"06","075",,,"031401",,,,,,,,,,,,,,".",".",,,,,,,,,,,,,,"1400000US06075031401","Census Tract 314.01",,,,102644,658,91,242,180,78,12,55,13.83,36.78,27.36,11.85,1.82,8.36
"06075031402","Census Tract 314.02, San Francisco County, California","ca","140","00",,,,"06","075",,,"031402",,,,,,,,,,,,,,".",".",,,,,,,,,,,,,,"1400000US06075031402","Census Tract 314.02",,,,165130,1204,180,301,411,277,21,14,14.95,25,34.14,23.01,1.74,1.16
"06075032601","Census Tract 326.01, San Francisco County, California","ca","140","00",,,,"06","075",,,"032601",,,,,,,,,,,,,,".",".",,,,,,,,,,,,,,"1400000US06075032601","Census Tract 326.01",,,,151500,1782,336,797,473,101,35,40,18.86,44.73,26.54,5.67,1.96,2.24
"06075032602","Census Tract 326.02, San Francisco County, California","ca","140","00",,,,"06","075",,,"032602",,,,,,,,,,,,,,".",".",,,,,,,,,,,,,,"1400000US06075032602","Census Tract 326.02",,,,157550,1435,187,540,487,85,91,45,13.03,37.63,33.94,5.92,6.34,3.14
"06075032700","Census Tract 327, San Francisco County, California","ca","140","00",,,,"06","075",,,"032700",,,,,,,,,,,,,,".",".",,,,,,,,,,,,,,"1400000US06075032700","Census Tract 327",,,,158889,2414,176,649,1266,265,58,0,7.29,26.88,52.44,10.98,2.4,0
"06075032801","Census Tract 328.01, San Francisco County, California","ca","140","00",,,,"06","075",,,"032801",,,,,,,,,,,,,,".",".",,,,,,,,,,,,,,"1400000US06075032801","Census Tract 328.01",,,,148231,1313,70,609,476,115,43,0,5.33,46.38,36.25,8.76,3.27,0
"06075032802","Census Tract 328.02, San Francisco County, California","ca","140","00",,,,"06","075",,,"032802",,,,,,,,,,,,,,".",".",,,,,,,,,,,,,,"1400000US06075032802","Census Tract 328.02",,,,113092,1528,187,758,361,61,149,12,12.24,49.61,23.63,3.99,9.75,0.79
"06075032901","Census Tract 329.01, San Francisco County, California","ca","140","00",,,,"06","075",,,"032901",,,,,,,,,,,,,,".",".",,,,,,,,,,,,,,"1400000US06075032901","Census Tract 329.01",,,,167723,1642,208,598,482,264,84,6,12.67,36.42,29.35,16.08,5.12,0.37
"06075032902","Census Tract 329.02, San Francisco County, California","ca","140","00",,,,"06","075",,,"032902",,,,,,,,,,,,,,".",".",,,,,,,,,,,,,,"1400000US06075032902","Census Tract 329.02",,,,113265,1330,82,481,568,131,68,0,6.17,36.17,42.71,9.85,5.11,0
"06075033001","Census Tract 330.01, San Francisco County, California","ca","140","00",,,,"06","075",,,"033001",,,,,,,,,,,,,,".",".",,,,,,,,,,,,,,"1400000US06075033001","Census Tract 330.01",,,,162379,1373,101,319,682,220,25,26,7.36,23.23,49.67,16.02,1.82,1.89
"06075033002","Census Tract 330.02, San Francisco County, California","ca","140","00",,,,"06","075",,,"033002",,,,,,,,,,,,,,".",".",,,,,,,,,,,,,,"1400000US06075033002","Census Tract 330.02",,,,173615,1533,166,683,405,251,16,12,10.83,44.55,26.42,16.37,1.04,0.78
"06075033100","Census Tract 331, San Francisco County, California","ca","140","00",,,,"06","075",,,"033100",,,,,,,,,,,,,,".",".",,,,,,,,,,,,,,"1400000US06075033100","Census Tract 331",,,,161193,1413,114,485,623,124,38,29,8.07,34.32,44.09,8.78,2.69,2.05
"06075033201","Census Tract 332.01, San Francisco County, California","ca","140","00",,,,"06","075",,,"033201",,,,,,,,,,,,,,".",".",,,,,,,,,,,,,,"1400000US06075033201","Census Tract 332.01",,,,68250,595,201,232,144,8,10,0,33.78,38.99,24.2,1.34,1.68,0
"06075033203","Census Tract 332.03, San Francisco County, California","ca","140","00",,,,"06","075",,,"033203",,,,,,,,,,,,,,".",".",,,,,,,,,,,,,,"1400000US06075033203","Census Tract 332.03",,,,74671,1589,237,727,527,98,0,0,14.92,45.75,33.17,6.17,0,0
"06075033204","Census Tract 332.04, San Francisco County, California","ca","140","00",,,,"06","075",,,"033204",,,,,,,,,,,,,,".",".",,,,,,,,,,,,,,"1400000US06075033204","Census Tract 332.04",,,,71750,1634,495,744,317,73,0,5,30.29,45.53,19.4,4.47,0,0.31
"06075035101","Census Tract 351.01, San Francisco County, California","ca","140","00",,,,"06","075",,,"035101",,,,,,,,,,,,,,".",".",,,,,,,,,,,,,,"1400000US06075035101","Census Tract 351.01",,,,104648,1460,228,587,518,111,16,0,15.62,40.21,35.48,7.6,1.1,0
"06075035102","Census Tract 351.02, San Francisco County, California","ca","140","00",,,,"06","075",,,"035102",,,,,,,,,,,,,,".",".",,,,,,,,,,,,,,"1400000US06075035102","Census Tract 351.02",,,,166741,1271,120,377,486,189,83,16,9.44,29.66,38.24,14.87,6.53,1.26
"06075035201","Census Tract 352.01, San Francisco County, California","ca","140","00",,,,"06","075",,,"035201",,,,,,,,,,,,,,".",".",,,,,,,,,,,,,,"1400000US06075035201","Census Tract 352.01",,,,112413,1867,221,713,619,185,108,21,11.84,38.19,33.15,9.91,5.78,1.12
"06075035202","Census Tract 352.02, San Francisco County, California","ca","140","00",,,,"06","075",,,"035202",,,,,,,,,,,,,,".",".",,,,,,,,,,,,,,"1400000US06075035202","Census Tract 352.02",,,,118590,1709,121,950,473,66,99,0,7.08,55.59,27.68,3.86,5.79,0
"06075035300","Census Tract 353, San Francisco County, California","ca","140","00",,,,"06","075",,,"035300",,,,,,,,,,,,,,".",".",,,,,,,,,,,,,,"1400000US06075035300","Census Tract 353",,,,163657,2551,238,859,1132,194,107,21,9.33,33.67,44.37,7.6,4.19,0.82
"06075035400","Census Tract 354, San Francisco County, California","ca","140","00",,,,"06","075",,,"035400",,,,,,,,,,,,,,".",".",,,,,,,,,,,,,,"1400000US06075035400","Census Tract 354",,,,142540,2444,466,936,687,284,28,43,19.07,38.3,28.11,11.62,1.15,1.76
"06075040100","Census Tract 401, San Francisco County, California","ca","140","00",,,,"06","075",,,"040100",,,,,,,,,,,,,,".",".",,,,,,,,,,,,,,"1400000US06075040100","Census Tract 401",,,,143674,1677,265,966,337,100,0,9,15.8,57.6,20.1,5.96,0,0.54
"06075040200","Census Tract 402, San Francisco County, California","ca","140","00",,,,"06","075",,,"040200",,,,,,,,,,,,,,".",".",,,,,,,,,,,,,,"1400000US06075040200","Census Tract 402",,,,175978,2326,806,1059,415,46,0,0,34.65,45.53,17.84,1.98,0,0
"06075042601","Census Tract 426.01, San Francisco County, California","ca","140","00",,,,"06","075",,,"042601",,,,,,,,,,,,,,".",".",,,,,,,,,,,,,,"1400000US06075042601","Census Tract 426.01",,,,136458,1706,409,851,392,47,7,0,23.97,49.88,22.98,2.75,0.41,0
"06075042602","Census Tract 426.02, San Francisco County, California","ca","140","00",,,,"06","075",,,"042602",,,,,,,,,,,,,,".",".",,,,,,,,,,,,,,"1400000US06075042602","Census Tract 426.02",,,,168667,1346,263,730,254,44,55,0,19.54,54.23,18.87,3.27,4.09,0
"06075042700","Census Tract 427, San Francisco County, California","ca","140","00",,,,"06","075",,,"042700",,,,,,,,,,,,,,".",".",,,,,,,,,,,,,,"1400000US06075042700","Census Tract 427",,,,119276,2594,560,1370,649,15,0,0,21.59,52.81,25.02,0.58,0,0
"06075042800","Census Tract 428, San Francisco County, California","ca","140","00",,,,"06","075",,,"042800",,,,,,,,,,,,,,".",".",,,,,,,,,,,,,,"1400000US06075042800","Census Tract 428",,,,246635,922,50,362,300,163,20,27,5.42,39.26,32.54,17.68,2.17,2.93
"06075045100","Census Tract 451, San Francisco County, California","ca","140","00",,,,"06","075",,,"045100",,,,,,,,,,,,,,".",".",,,,,,,,,,,,,,"1400000US06075045100","Census Tract 451",,,,195893,1919,309,1090,477,21,0,22,16.1,56.8,24.86,1.09,0,1.15
"06075045201","Census Tract 452.01, San Francisco County, California","ca","140","00",,,,"06","075",,,"045201",,,,,,,,,,,,,,".",".",,,,,,,,,,,,,,"1400000US06075045201","Census Tract 452.01",,,,178750,1324,299,572,355,98,0,0,22.58,43.2,26.81,7.4,0,0
"06075045202","Census Tract 452.02, San Francisco County, California","ca","140","00",,,,"06","075",,,"045202",,,,,,,,,,,,,,".",".",,,,,,,,,,,,,,"1400000US06075045202","Census Tract 452.02",,,,151480,1465,351,754,329,31,0,0,23.96,51.47,22.46,2.12,0,0
"06075047600","Census Tract 476, San Francisco County, California","ca","140","00",,,,"06","075",,,"047600",,,,,,,,,,,,,,".",".",,,,,,,,,,,,,,"1400000US06075047600","Census Tract 476",,,,162289,2220,389,1227,480,60,64,0,17.52,55.27,21.62,2.7,2.88,0
"06075047701","Census Tract 477.01, San Francisco County, California","ca","140","00",,,,"06","075",,,"047701",,,,,,,,,,,,,,".",".",,,,,,,,,,,,,,"1400000US06075047701","Census Tract 477.01",,,,116750,2008,595,837,459,66,33,18,29.63,41.68,22.86,3.29,1.64,0.9
"06075047702","Census Tract 477.02, San Francisco County, California","ca","140","00",,,,"06","075",,,"047702",,,,,,,,,,,,,,".",".",,,,,,,,,,,,,,"1400000US06075047702","Census Tract 477.02",,,,119957,1592,375,682,452,51,15,17,23.56,42.84,28.39,3.2,0.94,1.07
"06075047801","Census Tract 478.01, San Francisco County, California","ca","140","00",,,,"06","075",,,"047801",,,,,,,,,,,,,,".",".",,,,,,,,,,,,,,"1400000US06075047801","Census Tract 478.01",,,,171120,1703,232,817,476,99,50,29,13.62,47.97,27.95,5.81,2.94,1.7
"06075047802","Census Tract 478.02, San Francisco County, California","ca","140","00",,,,"06","075",,,"047802",,,,,,,,,,,,,,".",".",,,,,,,,,,,,,,"1400000US06075047802","Census Tract 478.02",,,,133625,1465,174,742,351,187,11,0,11.88,50.65,23.96,12.76,0.75,0
"06075047902","Census Tract 479.02, San Francisco County, California","ca","140","00",,,,"06","075",,,"047902",,,,,,,,,,,,,,".",".",,,,,,,,,,,,,,"1400000US06075047902","Census Tract 479.02",,,,126058,1517,243,700,497,53,24,0,16.02,46.14,32.76,3.49,1.58,0
"06075047903","Census Tract 479.03, San Francisco County, California","ca","140","00",,,,"06","075",,,"047903",,,,,,,,,,,,,,".",".",,,,,,,,,,,,,,"1400000US06075047903","Census Tract 479.03",,,,148800,1378,150,823,255,38,112,0,10.89,59.72,18.51,2.76,8.13,0
"06075047904","Census Tract 479.04, San Francisco County, California","ca","140","00",,,,"06","075",,,"047904",,,,,,,,,,,,,,".",".",,,,,,,,,,,,,,"1400000US06075047904","Census Tract 479.04",,,,87494,1469,463,524,396,51,8,27,31.52,35.67,26.96,3.47,0.54,1.84
"06075060100","Census Tract 601, San Francisco County, California","ca","140","00",,,,"06","075",,,"060100",,,,,,,,,,,,,,".",".",,,,,,,,,,,,,,"1400000US06075060100","Census Tract 601",,,,236190,1338,70,632,444,158,34,0,5.23,47.23,33.18,11.81,2.54,0
"06075060400","Census Tract 604, San Francisco County, California","ca","140","00",,,,"06","075",,,"060400",,,,,,,,,,,,,,".",".",,,,,,,,,,,,,,"1400000US06075060400","Census Tract 604",,,,100583,1026,117,646,254,9,0,0,11.4,62.96,24.76,0.88,0,0
"06075060502","Census Tract 605.02, San Francisco County, California","ca","140","00",,,,"06","075",,,"060502",,,,,,,,,,,,,,".",".",,,,,,,,,,,,,,"1400000US06075060502","Census Tract 605.02",,,,42548,925,215,365,200,45,50,50,23.24,39.46,21.62,4.86,5.41,5.41
"06075060701","Census Tract 607.01, San Francisco County, California","ca","140","00",,,,"06","075",,,"060701",,,,,,,,,,,,,,".",".",,,,,,,,,,,,,,"1400000US06075060701","Census Tract 607.01",,,,248177,3343,829,2283,124,107,0,0,24.8,68.29,3.71,3.2,0,0
"06075060702","Census Tract 607.02, San Francisco County, California","ca","140","00",,,,"06","075",,,"060702",,,,,,,,,,,,,,".",".",,,,,,,,,,,,,,"1400000US06075060702","Census Tract 607.02",,,,107989,1349,469,694,186,0,0,0,34.77,51.45,13.79,0,0,0
"06075060703","Census Tract 607.03, San Francisco County, California","ca","140","00",,,,"06","075",,,"060703",,,,,,,,,,,,,,".",".",,,,,,,,,,,,,,"1400000US06075060703","Census Tract 607.03",,,,191910,2784,923,1800,61,0,0,0,33.15,64.66,2.19,0,0,0
"06075061000","Census Tract 610, San Francisco County, California","ca","140","00",,,,"06","075",,,"061000",,,,,,,,,,,,,,".",".",,,,,,,,,,,,,,"1400000US06075061000","Census Tract 610",,,,125327,1625,100,701,649,90,63,22,6.15,43.14,39.94,5.54,3.88,1.35
"06075061101","Census Tract 611.01, San Francisco County, California","ca","140","00",,,,"06","075",,,"061101",,,,,,,,,,,,,,".",".",,,,,,,,,,,,,,"1400000US06075061101","Census Tract 611.01",,,,17569,935,685,236,14,0,0,0,73.26,25.24,1.5,0,0,0
"06075061102","Census Tract 611.02, San Francisco County, California","ca","140","00",,,,"06","075",,,"061102",,,,,,,,,,,,,,".",".",,,,,,,,,,,,,,"1400000US06075061102","Census Tract 611.02",,,,42558,917,692,159,54,12,0,0,75.46,17.34,5.89,1.31,0,0
"06075061200","Census Tract 612, San Francisco County, California","ca","140","00",,,,"06","075",,,"061200",,,,,,,,,,,,,,".",".",,,,,,,,,,,,,,"1400000US06075061200","Census Tract 612",,,,117132,1153,175,484,210,232,52,0,15.18,41.98,18.21,20.12,4.51,0
"06075061401","Census Tract 614.01, San Francisco County, California","ca","140","00",,,,"06","075",,,"061401",,,,,,,,,,,,,,".",".",,,,,,,,,,,,,,"1400000US06075061401","Census Tract 614.01",,,,143665,1459,340,696,342,49,32,0,23.3,47.7,23.44,3.36,2.19,0
"06075061402","Census Tract 614.02, San Francisco County, California","ca","140","00",,,,"06","075",,,"061402",,,,,,,,,,,,,,".",".",,,,,,,,,,,,,,"1400000US06075061402","Census Tract 614.02",,,,218125,1189,89,822,164,114,0,0,7.49,69.13,13.79,9.59,0,0
"06075061501","Census Tract 615.01, San Francisco County, California","ca","140","00",,,,"06","075",,,"061501",,,,,,,,,,,,,,".",".",,,,,,,,,,,,,,"1400000US06075061501","Census Tract 615.01",,,,230332,1195,271,776,59,89,0,0,22.68,64.94,4.94,7.45,0,0
"06075061502","Census Tract 615.02, San Francisco County, California","ca","140","00",,,,"06","075",,,"061502",,,,,,,,,,,,,,".",".",,,,,,,,,,,,,,"1400000US06075061502","Census Tract 615.02",,,,119524,1409,609,687,92,21,0,0,43.22,48.76,6.53,1.49,0,0
"06075061503","Census Tract 615.03, San Francisco County, California","ca","140","00",,,,"06","075",,,"061503",,,,,,,,,,,,,,".",".",,,,,,,,,,,,,,"1400000US06075061503","Census Tract 615.03",,,,187067,1998,1012,785,0,105,55,41,50.65,39.29,0,5.26,2.75,2.05
"06075061504","Census Tract 615.04, San Francisco County, California","ca","140","00",,,,"06","075",,,"061504",,,,,,,,,,,,,,".",".",,,,,,,,,,,,,,"1400000US06075061504","Census Tract 615.04",,,,249539,1179,387,698,94,0,0,0,32.82,59.2,7.97,0,0,0
"06075061505","Census Tract 615.05, San Francisco County, California","ca","140","00",,,,"06","075",,,"061505",,,,,,,,,,,,,,".",".",,,,,,,,,,,,,,"1400000US06075061505","Census Tract 615.05",,,,250001,529,45,365,77,15,27,0,8.51,69,14.56,2.84,5.1,0
"06075061506","Census Tract 615.06, San Francisco County, California","ca","140","00",,,,"06","075",,,"061506",,,,,,,,,,,,,,".",".",,,,,,,,,,,,,,"1400000US06075061506","Census Tract 615.06",,,,250001,2762,552,1894,300,0,0,16,19.99,68.57,10.86,0,0,0.58
"06075061507","Census Tract 615.07, San Francisco County, California","ca","140","00",,,,"06","075",,,"061507",,,,,,,,,,,,,,".",".",,,,,,,,,,,,,,"1400000US06075061507","Census Tract 615.07",,,,167785,771,438,313,10,10,0,0,56.81,40.6,1.3,1.3,0,0
"06075061508","Census Tract 615.08, San Francisco County, California","ca","140","00",,,,"06","075",,,"061508",,,,,,,,,,,,,,".",".",,,,,,,,,,,,,,"1400000US06075061508","Census Tract 615.08",,,,177806,1117,532,486,96,3,0,0,47.63,43.51,8.59,0.27,0,0
"06075980200","Census Tract 9802, San Francisco County, California","ca","140","00",,,,"06","075",,,"980200",,,,,,,,,,,,,,".",".",,,,,,,,,,,,,,"1400000US06075980200","Census Tract 9802",,,,,0,0,0,0,0,0,0,,,,,,
"06075980300","Census Tract 9803, San Francisco County, California","ca","140","00",,,,"06","075",,,"980300",,,,,,,,,,,,,,".",".",,,,,,,,,,,,,,"1400000US06075980300","Census Tract 9803",,,,104333,40,24,12,4,0,0,0,60,30,10,0,0,0
"06075980401","Census Tract 9804.01, San Francisco County, California","ca","140","00",,,,"06","075",,,"980401",,,,,,,,,,,,,,".",".",,,,,,,,,,,,,,"1400000US06075980401","Census Tract 9804.01",,,,,0,0,0,0,0,0,0,,,,,,
"06075980501","Census Tract 9805.01, San Francisco County, California","ca","140","00",,,,"06","075",,,"980501",,,,,,,,,,,,,,".",".",,,,,,,,,,,,,,"1400000US06075980501","Census Tract 9805.01",,,,13569,123,115,4,0,4,0,0,93.5,3.25,0,3.25,0,0
"06075980600","Census Tract 9806, San Francisco County, California","ca","140","00",,,,"06","075",,,"980600",,,,,,,,,,,,,,".",".",,,,,,,,,,,,,,"1400000US06075980600","Census Tract 9806",,,,142321,573,35,325,181,26,6,0,6.11,56.72,31.59,4.54,1.05,0
"06075980900","Census Tract 9809, San Francisco County, California","ca","140","00",,,,"06","075",,,"980900",,,,,,,,,,,,,,".",".",,,,,,,,,,,,,,"1400000US06075980900","Census Tract 9809",,,,53800,180,3,149,28,0,0,0,1.67,82.78,15.56,0,0,0
"06075990100","Census Tract 9901, San Francisco County, California","ca","140","00",,,,"06","075",,,"990100",,,,,,,,,,,,,,".",".",,,,,,,,,,,,,,"1400000US06075990100","Census Tract 9901",,,,,0,0,0,0,0,0,0,,,,,,
"06075990200","Census Tract 9902, San Francisco County, California","ca","140","00",,,,"06","075",,,"990200",,,,,,,,,,,,,,".",".",,,,,,,,,,,,,,"1400000US06075990200","Census Tract 9902",,,,,0,0,0,0,0,0,0,,,,,,
