"FIPS","Qualifying Name","State Postal Abbreviation","Summary Level","Geographic Component","US","Census Region","Census Division","State (FIPS Code)","County of current residence","County Subdivision (FIPS)","Place (FIPS Code)","Census Tract","Block Group","Consolidated City","American Indian Area/Alaska Native Area/Hawaiian Home Land (Census)","American Indian Area/Alaska Native Area/Hawaiian Home Land (FIPS)","American Indian Trust Land/Hawaiian Home Land Indicator","American Indian Tribal Subdivision (FIPS)","Alaska Native Regional Corporation (FIPS)","Metropolitan and Micropolitan Statistical Area","Combined Statistical Area","Metropolitan Statistical Area Metropolitan Division","Metropolitan Area Central City","Metropolitan/Micropolitan Indicator Flag","New England City and Town Area","New England City and Town Combined Statistical Area","New England City and Town Area Division","Urban Area","Current Congressional District ***","State Legislative District Upper","State Legislative District Lower","ZIP Code Tabulation Area (3-digit)","5-digit ZIP Code Tabulation Area","Subminor Civil Division (FIPS)","State-School District (Elementary)","State-School District (Secondary)","State-School District (Unified)","Urban/Rural","Principal City Indicator","Public Use Microdata Area – File","Geographic Identifier","Area Name","Tribal Tract","Tribal Block Group","Place (State FIPS + Place FIPS)","Workers 16 Years and Over:","Workers 16 Years and Over: Car, Truck, or Van","Workers 16 Years and Over: Drove Alone","Workers 16 Years and Over: Carpooled","Workers 16 Years and Over: Public Transportation (Includes Taxicab)","Workers 16 Years and Over: Motorcycle","Workers 16 Years and Over: Bicycle","Workers 16 Years and Over: Walked","Workers 16 Years and Over: Other Means","Workers 16 Years and Over: Worked At Home","% Workers 16 Years and Over: Car, Truck, or Van","% Workers 16 Years and Over: Drove Alone","% Workers 16 Years and Over: Carpooled","% Workers 16 Years and Over: Public Transportation (Includes Taxicab)","% Workers 16 Years and Over: Motorcycle","% Workers 16 Years and Over: Bicycle","% Workers 16 Years and Over: Walked","% Workers 16 Years and Over: Other Means","% Workers 16 Years and Over: Worked At Home"
Geo_FIPS,Geo_QName,Geo_STUSAB,Geo_SUMLEV,Geo_GEOCOMP,Geo_US,Geo_REGION,Geo_DIVISION,Geo_STATE,Geo_COUNTY,Geo_COUSUB,Geo_PLACE,Geo_TRACT,Geo_BLKGRP,Geo_CONCIT,Geo_AIANHH,Geo_AIANHHFP,Geo_AIHHTLI,Geo_AITS,Geo_ANRC,Geo_CBSA,Geo_CSA,Geo_METDIV,Geo_MACC,Geo_MEMI,Geo_NECTA,Geo_CNECTA,Geo_NECTADIV,Geo_UA,Geo_CDCURR,Geo_SLDU,Geo_SLDL,Geo_ZCTA3,Geo_ZCTA5,Geo_SUBMCD,Geo_SDELM,Geo_SDSEC,Geo_SDUNI,Geo_UR,Geo_PCI,Geo_PUMA5,Geo_GEO_ID,Geo_NAME,Geo_BTTR,Geo_BTBG,Geo_PLACESE,SE_A09005_001,SE_A09005_002,SE_A09005_009,SE_A09005_010,SE_A09005_003,SE_A09005_004,SE_A09005_005,SE_A09005_006,SE_A09005_007,SE_A09005_008,PCT_SE_A09005_002,PCT_SE_A09005_009,PCT_SE_A09005_010,PCT_SE_A09005_003,PCT_SE_A09005_004,PCT_SE_A09005_005,PCT_SE_A09005_006,PCT_SE_A09005_007,PCT_SE_A09005_008
"06075010101","Census Tract 101.01, San Francisco County, California","ca","140","00",,,,"06","075",,,"010101",,,,,,,,,,,,,,".",".",,,,,,,,,,,,,,"1400000US06075010101","Census Tract 101.01",,,,1159,159,153,6,280,0,44,94,67,515,13.72,13.2,0.52,24.16,0,3.8,8.11,5.78,44.43
"06075010102","Census Tract 101.02, San Francisco County, California","ca","140","00",,,,"06","075",,,"010102",,,,,,,,,,,,,,".",".",,,,,,,,,,,,,,"1400000US06075010102","Census Tract 101.02",,,,855,266,240,26,186,0,16,114,0,273,31.11,28.07,3.04,21.75,0,1.87,13.33,0,31.93
"06075010201","Census Tract 102.01, San Francisco County, California","ca","140","00",,,,"06","075",,,"010201",,,,,,,,,,,,,,".",".",,,,,,,,,,,,,,"1400000US06075010201","Census Tract 102.01",,,,1706,313,302,11,258,0,40,267,29,799,18.35,17.7,0.64,15.12,0,2.34,15.65,1.7,46.83
"06075010202","Census Tract 102.02, San Francisco County, California","ca","140","00",,,,"06","075",,,"010202",,,,,,,,,,,,,,".",".",,,,,,,,,,,,,,"1400000US06075010202","Census Tract 102.02",,,,1273,319,292,27,179,0,69,283,0,423,25.06,22.94,2.12,14.06,0,5.42,22.23,0,33.23
"06075010300","Census Tract 103, San Francisco County, California","ca","140","00",,,,"06","075",,,"010300",,,,,,,,,,,,,,".",".",,,,,,,,,,,,,,"1400000US06075010300","Census Tract 103",,,,2467,603,603,0,223,0,61,206,0,1374,24.44,24.44,0,9.04,0,2.47,8.35,0,55.7
"06075010401","Census Tract 104.01, San Francisco County, California","ca","140","00",,,,"06","075",,,"010401",,,,,,,,,,,,,,".",".",,,,,,,,,,,,,,"1400000US06075010401","Census Tract 104.01",,,,1195,519,468,51,34,0,32,255,33,322,43.43,39.16,4.27,2.85,0,2.68,21.34,2.76,26.95
"06075010402","Census Tract 104.02, San Francisco County, California","ca","140","00",,,,"06","075",,,"010402",,,,,,,,,,,,,,".",".",,,,,,,,,,,,,,"1400000US06075010402","Census Tract 104.02",,,,1297,240,240,0,140,0,4,348,36,529,18.5,18.5,0,10.79,0,0.31,26.83,2.78,40.79
"06075010500","Census Tract 105, San Francisco County, California","ca","140","00",,,,"06","075",,,"010500",,,,,,,,,,,,,,".",".",,,,,,,,,,,,,,"1400000US06075010500","Census Tract 105",,,,1636,261,182,79,294,0,53,510,29,489,15.95,11.12,4.83,17.97,0,3.24,31.17,1.77,29.89
"06075010600","Census Tract 106, San Francisco County, California","ca","140","00",,,,"06","075",,,"010600",,,,,,,,,,,,,,".",".",,,,,,,,,,,,,,"1400000US06075010600","Census Tract 106",,,,1979,301,283,18,551,0,16,606,41,464,15.21,14.3,0.91,27.84,0,0.81,30.62,2.07,23.45
"06075010701","Census Tract 107.01, San Francisco County, California","ca","140","00",,,,"06","075",,,"010701",,,,,,,,,,,,,,".",".",,,,,,,,,,,,,,"1400000US06075010701","Census Tract 107.01",,,,1280,92,92,0,578,0,0,337,31,242,7.19,7.19,0,45.16,0,0,26.33,2.42,18.91
"06075010702","Census Tract 107.02, San Francisco County, California","ca","140","00",,,,"06","075",,,"010702",,,,,,,,,,,,,,".",".",,,,,,,,,,,,,,"1400000US06075010702","Census Tract 107.02",,,,799,123,82,41,185,0,0,235,50,206,15.39,10.26,5.13,23.15,0,0,29.41,6.26,25.78
"06075010800","Census Tract 108, San Francisco County, California","ca","140","00",,,,"06","075",,,"010800",,,,,,,,,,,,,,".",".",,,,,,,,,,,,,,"1400000US06075010800","Census Tract 108",,,,3020,667,558,109,617,0,58,873,0,805,22.09,18.48,3.61,20.43,0,1.92,28.91,0,26.66
"06075010901","Census Tract 109.01, San Francisco County, California","ca","140","00",,,,"06","075",,,"010901",,,,,,,,,,,,,,".",".",,,,,,,,,,,,,,"1400000US06075010901","Census Tract 109.01",,,,1567,478,431,47,393,0,59,312,80,245,30.5,27.5,3,25.08,0,3.77,19.91,5.11,15.63
"06075010902","Census Tract 109.02, San Francisco County, California","ca","140","00",,,,"06","075",,,"010902",,,,,,,,,,,,,,".",".",,,,,,,,,,,,,,"1400000US06075010902","Census Tract 109.02",,,,1938,449,345,104,268,0,141,147,17,916,23.17,17.8,5.37,13.83,0,7.28,7.59,0.88,47.27
"06075011001","Census Tract 110.01, San Francisco County, California","ca","140","00",,,,"06","075",,,"011001",,,,,,,,,,,,,,".",".",,,,,,,,,,,,,,"1400000US06075011001","Census Tract 110.01",,,,1563,323,261,62,429,0,39,210,0,562,20.67,16.7,3.97,27.45,0,2.5,13.44,0,35.96
"06075011002","Census Tract 110.02, San Francisco County, California","ca","140","00",,,,"06","075",,,"011002",,,,,,,,,,,,,,".",".",,,,,,,,,,,,,,"1400000US06075011002","Census Tract 110.02",,,,1219,302,229,73,245,0,0,348,23,301,24.77,18.79,5.99,20.1,0,0,28.55,1.89,24.69
"06075011101","Census Tract 111.01, San Francisco County, California","ca","140","00",,,,"06","075",,,"011101",,,,,,,,,,,,,,".",".",,,,,,,,,,,,,,"1400000US06075011101","Census Tract 111.01",,,,1666,295,278,17,429,0,52,341,117,432,17.71,16.69,1.02,25.75,0,3.12,20.47,7.02,25.93
"06075011102","Census Tract 111.02, San Francisco County, California","ca","140","00",,,,"06","075",,,"011102",,,,,,,,,,,,,,".",".",,,,,,,,,,,,,,"1400000US06075011102","Census Tract 111.02",,,,1411,123,123,0,398,0,29,556,57,248,8.72,8.72,0,28.21,0,2.06,39.4,4.04,17.58
"06075011200","Census Tract 112, San Francisco County, California","ca","140","00",,,,"06","075",,,"011200",,,,,,,,,,,,,,".",".",,,,,,,,,,,,,,"1400000US06075011200","Census Tract 112",,,,1568,323,274,49,288,0,0,401,10,546,20.6,17.47,3.12,18.37,0,0,25.57,0.64,34.82
"06075011300","Census Tract 113, San Francisco County, California","ca","140","00",,,,"06","075",,,"011300",,,,,,,,,,,,,,".",".",,,,,,,,,,,,,,"1400000US06075011300","Census Tract 113",,,,1245,139,121,18,212,10,0,468,13,403,11.16,9.72,1.45,17.03,0.8,0,37.59,1.04,32.37
"06075011700","Census Tract 117, San Francisco County, California","ca","140","00",,,,"06","075",,,"011700",,,,,,,,,,,,,,".",".",,,,,,,,,,,,,,"1400000US06075011700","Census Tract 117",,,,1019,132,97,35,193,0,0,469,25,200,12.95,9.52,3.43,18.94,0,0,46.03,2.45,19.63
"06075011800","Census Tract 118, San Francisco County, California","ca","140","00",,,,"06","075",,,"011800",,,,,,,,,,,,,,".",".",,,,,,,,,,,,,,"1400000US06075011800","Census Tract 118",,,,704,98,35,63,214,0,1,251,6,134,13.92,4.97,8.95,30.4,0,0.14,35.65,0.85,19.03
"06075011901","Census Tract 119.01, San Francisco County, California","ca","140","00",,,,"06","075",,,"011901",,,,,,,,,,,,,,".",".",,,,,,,,,,,,,,"1400000US06075011901","Census Tract 119.01",,,,1521,186,163,23,368,0,16,530,55,366,12.23,10.72,1.51,24.19,0,1.05,34.85,3.62,24.06
"06075011902","Census Tract 119.02, San Francisco County, California","ca","140","00",,,,"06","075",,,"011902",,,,,,,,,,,,,,".",".",,,,,,,,,,,,,,"1400000US06075011902","Census Tract 119.02",,,,1606,188,188,0,288,0,0,604,30,496,11.71,11.71,0,17.93,0,0,37.61,1.87,30.88
"06075012001","Census Tract 120.01, San Francisco County, California","ca","140","00",,,,"06","075",,,"012001",,,,,,,,,,,,,,".",".",,,,,,,,,,,,,,"1400000US06075012001","Census Tract 120.01",,,,1217,174,123,51,133,11,31,394,56,418,14.3,10.11,4.19,10.93,0.9,2.55,32.37,4.6,34.35
"06075012002","Census Tract 120.02, San Francisco County, California","ca","140","00",,,,"06","075",,,"012002",,,,,,,,,,,,,,".",".",,,,,,,,,,,,,,"1400000US06075012002","Census Tract 120.02",,,,1191,116,106,10,289,10,201,353,0,222,9.74,8.9,0.84,24.27,0.84,16.88,29.64,0,18.64
"06075012100","Census Tract 121, San Francisco County, California","ca","140","00",,,,"06","075",,,"012100",,,,,,,,,,,,,,".",".",,,,,,,,,,,,,,"1400000US06075012100","Census Tract 121",,,,2296,306,232,74,582,0,64,904,38,402,13.33,10.1,3.22,25.35,0,2.79,39.37,1.66,17.51
"06075012202","Census Tract 122.02, San Francisco County, California","ca","140","00",,,,"06","075",,,"012202",,,,,,,,,,,,,,".",".",,,,,,,,,,,,,,"1400000US06075012202","Census Tract 122.02",,,,1263,115,86,29,455,16,0,409,36,232,9.11,6.81,2.3,36.03,1.27,0,32.38,2.85,18.37
"06075012203","Census Tract 122.03, San Francisco County, California","ca","140","00",,,,"06","075",,,"012203",,,,,,,,,,,,,,".",".",,,,,,,,,,,,,,"1400000US06075012203","Census Tract 122.03",,,,651,62,62,0,264,97,0,212,0,16,9.52,9.52,0,40.55,14.9,0,32.57,0,2.46
"06075012204","Census Tract 122.04, San Francisco County, California","ca","140","00",,,,"06","075",,,"012204",,,,,,,,,,,,,,".",".",,,,,,,,,,,,,,"1400000US06075012204","Census Tract 122.04",,,,1489,211,82,129,344,0,140,471,0,323,14.17,5.51,8.66,23.1,0,9.4,31.63,0,21.69
"06075012301","Census Tract 123.01, San Francisco County, California","ca","140","00",,,,"06","075",,,"012301",,,,,,,,,,,,,,".",".",,,,,,,,,,,,,,"1400000US06075012301","Census Tract 123.01",,,,652,58,45,13,229,0,31,276,0,58,8.9,6.9,1.99,35.12,0,4.75,42.33,0,8.9
"06075012302","Census Tract 123.02, San Francisco County, California","ca","140","00",,,,"06","075",,,"012302",,,,,,,,,,,,,,".",".",,,,,,,,,,,,,,"1400000US06075012302","Census Tract 123.02",,,,1563,140,140,0,388,0,38,715,0,282,8.96,8.96,0,24.82,0,2.43,45.75,0,18.04
"06075012403","Census Tract 124.03, San Francisco County, California","ca","140","00",,,,"06","075",,,"012403",,,,,,,,,,,,,,".",".",,,,,,,,,,,,,,"1400000US06075012403","Census Tract 124.03",,,,1366,347,267,80,555,41,13,214,61,135,25.4,19.55,5.86,40.63,3,0.95,15.67,4.47,9.88
"06075012404","Census Tract 124.04, San Francisco County, California","ca","140","00",,,,"06","075",,,"012404",,,,,,,,,,,,,,".",".",,,,,,,,,,,,,,"1400000US06075012404","Census Tract 124.04",,,,1341,291,261,30,497,0,126,372,55,0,21.7,19.46,2.24,37.06,0,9.4,27.74,4.1,0
"06075012405","Census Tract 124.05, San Francisco County, California","ca","140","00",,,,"06","075",,,"012405",,,,,,,,,,,,,,".",".",,,,,,,,,,,,,,"1400000US06075012405","Census Tract 124.05",,,,2662,362,353,9,732,0,49,534,0,985,13.6,13.26,0.34,27.5,0,1.84,20.06,0,37
"06075012406","Census Tract 124.06, San Francisco County, California","ca","140","00",,,,"06","075",,,"012406",,,,,,,,,,,,,,".",".",,,,,,,,,,,,,,"1400000US06075012406","Census Tract 124.06",,,,614,106,95,11,135,0,30,230,0,113,17.26,15.47,1.79,21.99,0,4.89,37.46,0,18.4
"06075012502","Census Tract 125.02, San Francisco County, California","ca","140","00",,,,"06","075",,,"012502",,,,,,,,,,,,,,".",".",,,,,,,,,,,,,,"1400000US06075012502","Census Tract 125.02",,,,1469,173,173,0,647,0,17,445,45,142,11.78,11.78,0,44.04,0,1.16,30.29,3.06,9.67
"06075012503","Census Tract 125.03, San Francisco County, California","ca","140","00",,,,"06","075",,,"012503",,,,,,,,,,,,,,".",".",,,,,,,,,,,,,,"1400000US06075012503","Census Tract 125.03",,,,1778,283,282,1,647,0,54,610,15,169,15.92,15.86,0.06,36.39,0,3.04,34.31,0.84,9.51
"06075012504","Census Tract 125.04, San Francisco County, California","ca","140","00",,,,"06","075",,,"012504",,,,,,,,,,,,,,".",".",,,,,,,,,,,,,,"1400000US06075012504","Census Tract 125.04",,,,201,0,0,0,160,0,15,0,0,26,0,0,0,79.6,0,7.46,0,0,12.94
"06075012601","Census Tract 126.01, San Francisco County, California","ca","140","00",,,,"06","075",,,"012601",,,,,,,,,,,,,,".",".",,,,,,,,,,,,,,"1400000US06075012601","Census Tract 126.01",,,,1459,417,369,48,417,7,53,36,0,529,28.58,25.29,3.29,28.58,0.48,3.63,2.47,0,36.26
"06075012602","Census Tract 126.02, San Francisco County, California","ca","140","00",,,,"06","075",,,"012602",,,,,,,,,,,,,,".",".",,,,,,,,,,,,,,"1400000US06075012602","Census Tract 126.02",,,,2017,611,490,121,543,16,31,42,27,747,30.29,24.29,6,26.92,0.79,1.54,2.08,1.34,37.04
"06075012700","Census Tract 127, San Francisco County, California","ca","140","00",,,,"06","075",,,"012700",,,,,,,,,,,,,,".",".",,,,,,,,,,,,,,"1400000US06075012700","Census Tract 127",,,,2515,908,727,181,368,54,0,94,52,1039,36.1,28.91,7.2,14.63,2.15,0,3.74,2.07,41.31
"06075012801","Census Tract 128.01, San Francisco County, California","ca","140","00",,,,"06","075",,,"012801",,,,,,,,,,,,,,".",".",,,,,,,,,,,,,,"1400000US06075012801","Census Tract 128.01",,,,1457,548,389,159,152,0,24,178,0,555,37.61,26.7,10.91,10.43,0,1.65,12.22,0,38.09
"06075012802","Census Tract 128.02, San Francisco County, California","ca","140","00",,,,"06","075",,,"012802",,,,,,,,,,,,,,".",".",,,,,,,,,,,,,,"1400000US06075012802","Census Tract 128.02",,,,1352,232,194,38,265,0,134,53,29,639,17.16,14.35,2.81,19.6,0,9.91,3.92,2.14,47.26
"06075012901","Census Tract 129.01, San Francisco County, California","ca","140","00",,,,"06","075",,,"012901",,,,,,,,,,,,,,".",".",,,,,,,,,,,,,,"1400000US06075012901","Census Tract 129.01",,,,2205,548,542,6,471,42,71,144,35,894,24.85,24.58,0.27,21.36,1.9,3.22,6.53,1.59,40.54
"06075012902","Census Tract 129.02, San Francisco County, California","ca","140","00",,,,"06","075",,,"012902",,,,,,,,,,,,,,".",".",,,,,,,,,,,,,,"1400000US06075012902","Census Tract 129.02",,,,2067,509,393,116,561,25,82,55,47,788,24.63,19.01,5.61,27.14,1.21,3.97,2.66,2.27,38.12
"06075013001","Census Tract 130.01, San Francisco County, California","ca","140","00",,,,"06","075",,,"013001",,,,,,,,,,,,,,".",".",,,,,,,,,,,,,,"1400000US06075013001","Census Tract 130.01",,,,1062,382,365,17,292,0,85,116,36,151,35.97,34.37,1.6,27.5,0,8,10.92,3.39,14.22
"06075013002","Census Tract 130.02, San Francisco County, California","ca","140","00",,,,"06","075",,,"013002",,,,,,,,,,,,,,".",".",,,,,,,,,,,,,,"1400000US06075013002","Census Tract 130.02",,,,1863,392,316,76,403,0,0,169,70,829,21.04,16.96,4.08,21.63,0,0,9.07,3.76,44.5
"06075013101","Census Tract 131.01, San Francisco County, California","ca","140","00",,,,"06","075",,,"013101",,,,,,,,,,,,,,".",".",,,,,,,,,,,,,,"1400000US06075013101","Census Tract 131.01",,,,2649,599,452,147,410,16,26,517,172,909,22.61,17.06,5.55,15.48,0.6,0.98,19.52,6.49,34.31
"06075013102","Census Tract 131.02, San Francisco County, California","ca","140","00",,,,"06","075",,,"013102",,,,,,,,,,,,,,".",".",,,,,,,,,,,,,,"1400000US06075013102","Census Tract 131.02",,,,1833,639,547,92,292,9,40,148,40,665,34.86,29.84,5.02,15.93,0.49,2.18,8.07,2.18,36.28
"06075013200","Census Tract 132, San Francisco County, California","ca","140","00",,,,"06","075",,,"013200",,,,,,,,,,,,,,".",".",,,,,,,,,,,,,,"1400000US06075013200","Census Tract 132",,,,2202,662,484,178,347,18,112,120,164,779,30.06,21.98,8.08,15.76,0.82,5.09,5.45,7.45,35.38
"06075013300","Census Tract 133, San Francisco County, California","ca","140","00",,,,"06","075",,,"013300",,,,,,,,,,,,,,".",".",,,,,,,,,,,,,,"1400000US06075013300","Census Tract 133",,,,1961,704,636,68,434,0,71,128,30,594,35.9,32.43,3.47,22.13,0,3.62,6.53,1.53,30.29
"06075013401","Census Tract 134.01, San Francisco County, California","ca","140","00",,,,"06","075",,,"013401",,,,,,,,,,,,,,".",".",,,,,,,,,,,,,,"1400000US06075013401","Census Tract 134.01",,,,951,307,269,38,225,0,7,47,123,242,32.28,28.29,4,23.66,0,0.74,4.94,12.93,25.45
"06075013402","Census Tract 134.02, San Francisco County, California","ca","140","00",,,,"06","075",,,"013402",,,,,,,,,,,,,,".",".",,,,,,,,,,,,,,"1400000US06075013402","Census Tract 134.02",,,,1484,514,433,81,344,10,32,35,0,549,34.64,29.18,5.46,23.18,0.67,2.16,2.36,0,36.99
"06075013500","Census Tract 135, San Francisco County, California","ca","140","00",,,,"06","075",,,"013500",,,,,,,,,,,,,,".",".",,,,,,,,,,,,,,"1400000US06075013500","Census Tract 135",,,,1793,672,613,59,373,0,51,170,30,497,37.48,34.19,3.29,20.8,0,2.84,9.48,1.67,27.72
"06075015100","Census Tract 151, San Francisco County, California","ca","140","00",,,,"06","075",,,"015100",,,,,,,,,,,,,,".",".",,,,,,,,,,,,,,"1400000US06075015100","Census Tract 151",,,,1627,278,248,30,514,7,43,236,31,518,17.09,15.24,1.84,31.59,0.43,2.64,14.51,1.91,31.84
"06075015201","Census Tract 152.01, San Francisco County, California","ca","140","00",,,,"06","075",,,"015201",,,,,,,,,,,,,,".",".",,,,,,,,,,,,,,"1400000US06075015201","Census Tract 152.01",,,,979,386,279,107,199,0,15,113,0,266,39.43,28.5,10.93,20.33,0,1.53,11.54,0,27.17
"06075015202","Census Tract 152.02, San Francisco County, California","ca","140","00",,,,"06","075",,,"015202",,,,,,,,,,,,,,".",".",,,,,,,,,,,,,,"1400000US06075015202","Census Tract 152.02",,,,1584,468,366,102,257,0,0,157,112,590,29.55,23.11,6.44,16.22,0,0,9.91,7.07,37.25
"06075015300","Census Tract 153, San Francisco County, California","ca","140","00",,,,"06","075",,,"015300",,,,,,,,,,,,,,".",".",,,,,,,,,,,,,,"1400000US06075015300","Census Tract 153",,,,1599,233,191,42,393,0,22,226,87,638,14.57,11.94,2.63,24.58,0,1.38,14.13,5.44,39.9
"06075015401","Census Tract 154.01, San Francisco County, California","ca","140","00",,,,"06","075",,,"015401",,,,,,,,,,,,,,".",".",,,,,,,,,,,,,,"1400000US06075015401","Census Tract 154.01",,,,2076,507,411,96,479,0,15,153,89,833,24.42,19.8,4.62,23.07,0,0.72,7.37,4.29,40.13
"06075015402","Census Tract 154.02, San Francisco County, California","ca","140","00",,,,"06","075",,,"015402",,,,,,,,,,,,,,".",".",,,,,,,,,,,,,,"1400000US06075015402","Census Tract 154.02",,,,1836,627,457,170,349,0,0,61,8,791,34.15,24.89,9.26,19.01,0,0,3.32,0.44,43.08
"06075015500","Census Tract 155, San Francisco County, California","ca","140","00",,,,"06","075",,,"015500",,,,,,,,,,,,,,".",".",,,,,,,,,,,,,,"1400000US06075015500","Census Tract 155",,,,1765,420,419,1,525,0,7,189,0,624,23.8,23.74,0.06,29.75,0,0.4,10.71,0,35.35
"06075015600","Census Tract 156, San Francisco County, California","ca","140","00",,,,"06","075",,,"015600",,,,,,,,,,,,,,".",".",,,,,,,,,,,,,,"1400000US06075015600","Census Tract 156",,,,1562,548,395,153,404,21,15,117,0,457,35.08,25.29,9.8,25.86,1.34,0.96,7.49,0,29.26
"06075015701","Census Tract 157.01, San Francisco County, California","ca","140","00",,,,"06","075",,,"015701",,,,,,,,,,,,,,".",".",,,,,,,,,,,,,,"1400000US06075015701","Census Tract 157.01",,,,2778,725,671,54,892,0,21,541,19,580,26.1,24.15,1.94,32.11,0,0.76,19.47,0.68,20.88
"06075015702","Census Tract 157.02, San Francisco County, California","ca","140","00",,,,"06","075",,,"015702",,,,,,,,,,,,,,".",".",,,,,,,,,,,,,,"1400000US06075015702","Census Tract 157.02",,,,2200,765,679,86,496,18,146,89,0,686,34.77,30.86,3.91,22.55,0.82,6.64,4.05,0,31.18
"06075015801","Census Tract 158.01, San Francisco County, California","ca","140","00",,,,"06","075",,,"015801",,,,,,,,,,,,,,".",".",,,,,,,,,,,,,,"1400000US06075015801","Census Tract 158.01",,,,1680,488,454,34,546,0,32,136,52,426,29.05,27.02,2.02,32.5,0,1.9,8.1,3.1,25.36
"06075015802","Census Tract 158.02, San Francisco County, California","ca","140","00",,,,"06","075",,,"015802",,,,,,,,,,,,,,".",".",,,,,,,,,,,,,,"1400000US06075015802","Census Tract 158.02",,,,2192,610,435,175,531,0,106,146,85,714,27.83,19.84,7.98,24.22,0,4.84,6.66,3.88,32.57
"06075015900","Census Tract 159, San Francisco County, California","ca","140","00",,,,"06","075",,,"015900",,,,,,,,,,,,,,".",".",,,,,,,,,,,,,,"1400000US06075015900","Census Tract 159",,,,2407,597,485,112,554,0,91,353,39,773,24.8,20.15,4.65,23.02,0,3.78,14.67,1.62,32.11
"06075016000","Census Tract 160, San Francisco County, California","ca","140","00",,,,"06","075",,,"016000",,,,,,,,,,,,,,".",".",,,,,,,,,,,,,,"1400000US06075016000","Census Tract 160",,,,1604,606,543,63,277,3,19,252,48,399,37.78,33.85,3.93,17.27,0.19,1.18,15.71,2.99,24.88
"06075016101","Census Tract 161.01, San Francisco County, California","ca","140","00",,,,"06","075",,,"016101",,,,,,,,,,,,,,".",".",,,,,,,,,,,,,,"1400000US06075016101","Census Tract 161.01",,,,970,162,162,0,311,0,5,42,87,363,16.7,16.7,0,32.06,0,0.52,4.33,8.97,37.42
"06075016102","Census Tract 161.02, San Francisco County, California","ca","140","00",,,,"06","075",,,"016102",,,,,,,,,,,,,,".",".",,,,,,,,,,,,,,"1400000US06075016102","Census Tract 161.02",,,,779,236,236,0,446,0,0,86,0,11,30.3,30.3,0,57.25,0,0,11.04,0,1.41
"06075016200","Census Tract 162, San Francisco County, California","ca","140","00",,,,"06","075",,,"016200",,,,,,,,,,,,,,".",".",,,,,,,,,,,,,,"1400000US06075016200","Census Tract 162",,,,2367,487,487,0,440,84,320,288,0,748,20.57,20.57,0,18.59,3.55,13.52,12.17,0,31.6
"06075016300","Census Tract 163, San Francisco County, California","ca","140","00",,,,"06","075",,,"016300",,,,,,,,,,,,,,".",".",,,,,,,,,,,,,,"1400000US06075016300","Census Tract 163",,,,2278,530,408,122,599,27,162,140,0,820,23.27,17.91,5.36,26.29,1.19,7.11,6.15,0,36
"06075016400","Census Tract 164, San Francisco County, California","ca","140","00",,,,"06","075",,,"016400",,,,,,,,,,,,,,".",".",,,,,,,,,,,,,,"1400000US06075016400","Census Tract 164",,,,2312,629,527,102,709,0,104,54,35,781,27.21,22.79,4.41,30.67,0,4.5,2.34,1.51,33.78
"06075016500","Census Tract 165, San Francisco County, California","ca","140","00",,,,"06","075",,,"016500",,,,,,,,,,,,,,".",".",,,,,,,,,,,,,,"1400000US06075016500","Census Tract 165",,,,3534,580,409,171,759,10,208,613,100,1264,16.41,11.57,4.84,21.48,0.28,5.89,17.35,2.83,35.77
"06075016601","Census Tract 166.01, San Francisco County, California","ca","140","00",,,,"06","075",,,"016601",,,,,,,,,,,,,,".",".",,,,,,,,,,,,,,"1400000US06075016601","Census Tract 166.01",,,,1983,454,404,50,513,15,102,216,12,671,22.89,20.37,2.52,25.87,0.76,5.14,10.89,0.61,33.84
"06075016602","Census Tract 166.02, San Francisco County, California","ca","140","00",,,,"06","075",,,"016602",,,,,,,,,,,,,,".",".",,,,,,,,,,,,,,"1400000US06075016602","Census Tract 166.02",,,,1586,390,295,95,366,9,100,40,0,681,24.59,18.6,5.99,23.08,0.57,6.31,2.52,0,42.94
"06075016700","Census Tract 167, San Francisco County, California","ca","140","00",,,,"06","075",,,"016700",,,,,,,,,,,,,,".",".",,,,,,,,,,,,,,"1400000US06075016700","Census Tract 167",,,,4051,838,732,106,1180,0,508,83,74,1368,20.69,18.07,2.62,29.13,0,12.54,2.05,1.83,33.77
"06075016801","Census Tract 168.01, San Francisco County, California","ca","140","00",,,,"06","075",,,"016801",,,,,,,,,,,,,,".",".",,,,,,,,,,,,,,"1400000US06075016801","Census Tract 168.01",,,,2826,327,280,47,1238,55,152,269,127,658,11.57,9.91,1.66,43.81,1.95,5.38,9.52,4.49,23.28
"06075016802","Census Tract 168.02, San Francisco County, California","ca","140","00",,,,"06","075",,,"016802",,,,,,,,,,,,,,".",".",,,,,,,,,,,,,,"1400000US06075016802","Census Tract 168.02",,,,2726,505,473,32,694,0,40,561,38,888,18.53,17.35,1.17,25.46,0,1.47,20.58,1.39,32.58
"06075016900","Census Tract 169, San Francisco County, California","ca","140","00",,,,"06","075",,,"016900",,,,,,,,,,,,,,".",".",,,,,,,,,,,,,,"1400000US06075016900","Census Tract 169",,,,1875,350,270,80,629,0,58,133,8,697,18.67,14.4,4.27,33.55,0,3.09,7.09,0.43,37.17
"06075017000","Census Tract 170, San Francisco County, California","ca","140","00",,,,"06","075",,,"017000",,,,,,,,,,,,,,".",".",,,,,,,,,,,,,,"1400000US06075017000","Census Tract 170",,,,2707,625,538,87,731,0,104,87,181,979,23.09,19.87,3.21,27,0,3.84,3.21,6.69,36.17
"06075017101","Census Tract 171.01, San Francisco County, California","ca","140","00",,,,"06","075",,,"017101",,,,,,,,,,,,,,".",".",,,,,,,,,,,,,,"1400000US06075017101","Census Tract 171.01",,,,2405,658,584,74,546,35,172,65,17,912,27.36,24.28,3.08,22.7,1.46,7.15,2.7,0.71,37.92
"06075017102","Census Tract 171.02, San Francisco County, California","ca","140","00",,,,"06","075",,,"017102",,,,,,,,,,,,,,".",".",,,,,,,,,,,,,,"1400000US06075017102","Census Tract 171.02",,,,2289,727,611,116,519,0,118,175,72,678,31.76,26.69,5.07,22.67,0,5.16,7.65,3.15,29.62
"06075017602","Census Tract 176.02, San Francisco County, California","ca","140","00",,,,"06","075",,,"017602",,,,,,,,,,,,,,".",".",,,,,,,,,,,,,,"1400000US06075017602","Census Tract 176.02",,,,1996,319,209,110,305,31,64,685,106,486,15.98,10.47,5.51,15.28,1.55,3.21,34.32,5.31,24.35
"06075017603","Census Tract 176.03, San Francisco County, California","ca","140","00",,,,"06","075",,,"017603",,,,,,,,,,,,,,".",".",,,,,,,,,,,,,,"1400000US06075017603","Census Tract 176.03",,,,2699,343,235,108,696,51,66,580,40,923,12.71,8.71,4,25.79,1.89,2.45,21.49,1.48,34.2
"06075017604","Census Tract 176.04, San Francisco County, California","ca","140","00",,,,"06","075",,,"017604",,,,,,,,,,,,,,".",".",,,,,,,,,,,,,,"1400000US06075017604","Census Tract 176.04",,,,2327,224,208,16,810,0,254,606,64,369,9.63,8.94,0.69,34.81,0,10.92,26.04,2.75,15.86
"06075017700","Census Tract 177, San Francisco County, California","ca","140","00",,,,"06","075",,,"017700",,,,,,,,,,,,,,".",".",,,,,,,,,,,,,,"1400000US06075017700","Census Tract 177",,,,1698,443,380,63,476,0,68,122,16,573,26.09,22.38,3.71,28.03,0,4,7.18,0.94,33.75
"06075017801","Census Tract 178.01, San Francisco County, California","ca","140","00",,,,"06","075",,,"017801",,,,,,,,,,,,,,".",".",,,,,,,,,,,,,,"1400000US06075017801","Census Tract 178.01",,,,1452,122,122,0,153,0,14,521,15,627,8.4,8.4,0,10.54,0,0.96,35.88,1.03,43.18
"06075017803","Census Tract 178.03, San Francisco County, California","ca","140","00",,,,"06","075",,,"017803",,,,,,,,,,,,,,".",".",,,,,,,,,,,,,,"1400000US06075017803","Census Tract 178.03",,,,1236,175,96,79,282,0,69,251,72,387,14.16,7.77,6.39,22.82,0,5.58,20.31,5.83,31.31
"06075017804","Census Tract 178.04, San Francisco County, California","ca","140","00",,,,"06","075",,,"017804",,,,,,,,,,,,,,".",".",,,,,,,,,,,,,,"1400000US06075017804","Census Tract 178.04",,,,2805,601,596,5,518,0,55,645,131,855,21.43,21.25,0.18,18.47,0,1.96,22.99,4.67,30.48
"06075017903","Census Tract 179.03, San Francisco County, California","ca","140","00",,,,"06","075",,,"017903",,,,,,,,,,,,,,".",".",,,,,,,,,,,,,,"1400000US06075017903","Census Tract 179.03",,,,1397,500,422,78,472,0,21,158,67,179,35.79,30.21,5.58,33.79,0,1.5,11.31,4.8,12.81
"06075018000","Census Tract 180, San Francisco County, California","ca","140","00",,,,"06","075",,,"018000",,,,,,,,,,,,,,".",".",,,,,,,,,,,,,,"1400000US06075018000","Census Tract 180",,,,2082,356,339,17,370,0,59,481,170,646,17.1,16.28,0.82,17.77,0,2.83,23.1,8.17,31.03
"06075020101","Census Tract 201.01, San Francisco County, California","ca","140","00",,,,"06","075",,,"020101",,,,,,,,,,,,,,".",".",,,,,,,,,,,,,,"1400000US06075020101","Census Tract 201.01",,,,2814,766,616,150,720,0,121,540,186,481,27.22,21.89,5.33,25.59,0,4.3,19.19,6.61,17.09
"06075020102","Census Tract 201.02, San Francisco County, California","ca","140","00",,,,"06","075",,,"020102",,,,,,,,,,,,,,".",".",,,,,,,,,,,,,,"1400000US06075020102","Census Tract 201.02",,,,1971,665,603,62,576,0,82,242,11,395,33.74,30.59,3.15,29.22,0,4.16,12.28,0.56,20.04
"06075020201","Census Tract 202.01, San Francisco County, California","ca","140","00",,,,"06","075",,,"020201",,,,,,,,,,,,,,".",".",,,,,,,,,,,,,,"1400000US06075020201","Census Tract 202.01",,,,1151,243,177,66,389,0,155,83,0,281,21.11,15.38,5.73,33.8,0,13.47,7.21,0,24.41
"06075020202","Census Tract 202.02, San Francisco County, California","ca","140","00",,,,"06","075",,,"020202",,,,,,,,,,,,,,".",".",,,,,,,,,,,,,,"1400000US06075020202","Census Tract 202.02",,,,2778,355,341,14,639,10,365,195,72,1142,12.78,12.28,0.5,23,0.36,13.14,7.02,2.59,41.11
"06075020300","Census Tract 203, San Francisco County, California","ca","140","00",,,,"06","075",,,"020300",,,,,,,,,,,,,,".",".",,,,,,,,,,,,,,"1400000US06075020300","Census Tract 203",,,,2497,435,374,61,486,0,164,191,28,1193,17.42,14.98,2.44,19.46,0,6.57,7.65,1.12,47.78
"06075020401","Census Tract 204.01, San Francisco County, California","ca","140","00",,,,"06","075",,,"020401",,,,,,,,,,,,,,".",".",,,,,,,,,,,,,,"1400000US06075020401","Census Tract 204.01",,,,2499,530,397,133,690,6,88,62,67,1056,21.21,15.89,5.32,27.61,0.24,3.52,2.48,2.68,42.26
"06075020402","Census Tract 204.02, San Francisco County, California","ca","140","00",,,,"06","075",,,"020402",,,,,,,,,,,,,,".",".",,,,,,,,,,,,,,"1400000US06075020402","Census Tract 204.02",,,,2858,1209,989,220,583,82,17,95,39,833,42.3,34.6,7.7,20.4,2.87,0.59,3.32,1.36,29.15
"06075020500","Census Tract 205, San Francisco County, California","ca","140","00",,,,"06","075",,,"020500",,,,,,,,,,,,,,".",".",,,,,,,,,,,,,,"1400000US06075020500","Census Tract 205",,,,1689,439,356,83,461,0,21,140,64,564,25.99,21.08,4.91,27.29,0,1.24,8.29,3.79,33.39
"06075020601","Census Tract 206.01, San Francisco County, California","ca","140","00",,,,"06","075",,,"020601",,,,,,,,,,,,,,".",".",,,,,,,,,,,,,,"1400000US06075020601","Census Tract 206.01",,,,2247,698,531,167,737,0,83,88,0,641,31.06,23.63,7.43,32.8,0,3.69,3.92,0,28.53
"06075020602","Census Tract 206.02, San Francisco County, California","ca","140","00",,,,"06","075",,,"020602",,,,,,,,,,,,,,".",".",,,,,,,,,,,,,,"1400000US06075020602","Census Tract 206.02",,,,1297,373,268,105,209,0,78,127,0,510,28.76,20.66,8.1,16.11,0,6.01,9.79,0,39.32
"06075020701","Census Tract 207.01, San Francisco County, California","ca","140","00",,,,"06","075",,,"020701",,,,,,,,,,,,,,".",".",,,,,,,,,,,,,,"1400000US06075020701","Census Tract 207.01",,,,2086,469,435,34,625,0,103,183,15,691,22.48,20.85,1.63,29.96,0,4.94,8.77,0.72,33.13
"06075020702","Census Tract 207.02, San Francisco County, California","ca","140","00",,,,"06","075",,,"020702",,,,,,,,,,,,,,".",".",,,,,,,,,,,,,,"1400000US06075020702","Census Tract 207.02",,,,1416,347,326,21,341,0,49,136,0,543,24.51,23.02,1.48,24.08,0,3.46,9.6,0,38.35
"06075020801","Census Tract 208.01, San Francisco County, California","ca","140","00",,,,"06","075",,,"020801",,,,,,,,,,,,,,".",".",,,,,,,,,,,,,,"1400000US06075020801","Census Tract 208.01",,,,2059,559,554,5,744,0,178,166,49,363,27.15,26.91,0.24,36.13,0,8.64,8.06,2.38,17.63
"06075020802","Census Tract 208.02, San Francisco County, California","ca","140","00",,,,"06","075",,,"020802",,,,,,,,,,,,,,".",".",,,,,,,,,,,,,,"1400000US06075020802","Census Tract 208.02",,,,1464,133,133,0,721,13,60,155,15,367,9.08,9.08,0,49.25,0.89,4.1,10.59,1.02,25.07
"06075020900","Census Tract 209, San Francisco County, California","ca","140","00",,,,"06","075",,,"020900",,,,,,,,,,,,,,".",".",,,,,,,,,,,,,,"1400000US06075020900","Census Tract 209",,,,2299,519,419,100,946,17,123,87,0,607,22.58,18.23,4.35,41.15,0.74,5.35,3.78,0,26.4
"06075021000","Census Tract 210, San Francisco County, California","ca","140","00",,,,"06","075",,,"021000",,,,,,,,,,,,,,".",".",,,,,,,,,,,,,,"1400000US06075021000","Census Tract 210",,,,2271,735,575,160,660,15,188,82,19,572,32.36,25.32,7.05,29.06,0.66,8.28,3.61,0.84,25.19
"06075021100","Census Tract 211, San Francisco County, California","ca","140","00",,,,"06","075",,,"021100",,,,,,,,,,,,,,".",".",,,,,,,,,,,,,,"1400000US06075021100","Census Tract 211",,,,2834,646,607,39,785,35,136,154,32,1046,22.79,21.42,1.38,27.7,1.24,4.8,5.43,1.13,36.91
"06075021200","Census Tract 212, San Francisco County, California","ca","140","00",,,,"06","075",,,"021200",,,,,,,,,,,,,,".",".",,,,,,,,,,,,,,"1400000US06075021200","Census Tract 212",,,,1672,515,461,54,340,11,36,48,107,615,30.8,27.57,3.23,20.33,0.66,2.15,2.87,6.4,36.78
"06075021300","Census Tract 213, San Francisco County, California","ca","140","00",,,,"06","075",,,"021300",,,,,,,,,,,,,,".",".",,,,,,,,,,,,,,"1400000US06075021300","Census Tract 213",,,,1683,795,747,48,240,0,39,38,9,562,47.24,44.39,2.85,14.26,0,2.32,2.26,0.53,33.39
"06075021400","Census Tract 214, San Francisco County, California","ca","140","00",,,,"06","075",,,"021400",,,,,,,,,,,,,,".",".",,,,,,,,,,,,,,"1400000US06075021400","Census Tract 214",,,,2294,623,575,48,351,29,184,91,39,977,27.16,25.07,2.09,15.3,1.26,8.02,3.97,1.7,42.59
"06075021500","Census Tract 215, San Francisco County, California","ca","140","00",,,,"06","075",,,"021500",,,,,,,,,,,,,,".",".",,,,,,,,,,,,,,"1400000US06075021500","Census Tract 215",,,,3628,1090,1011,79,1166,0,283,37,80,972,30.04,27.87,2.18,32.14,0,7.8,1.02,2.21,26.79
"06075021600","Census Tract 216, San Francisco County, California","ca","140","00",,,,"06","075",,,"021600",,,,,,,,,,,,,,".",".",,,,,,,,,,,,,,"1400000US06075021600","Census Tract 216",,,,2653,963,923,40,333,0,24,9,14,1310,36.3,34.79,1.51,12.55,0,0.9,0.34,0.53,49.38
"06075021700","Census Tract 217, San Francisco County, California","ca","140","00",,,,"06","075",,,"021700",,,,,,,,,,,,,,".",".",,,,,,,,,,,,,,"1400000US06075021700","Census Tract 217",,,,2146,821,597,224,390,44,56,35,0,800,38.26,27.82,10.44,18.17,2.05,2.61,1.63,0,37.28
"06075021800","Census Tract 218, San Francisco County, California","ca","140","00",,,,"06","075",,,"021800",,,,,,,,,,,,,,".",".",,,,,,,,,,,,,,"1400000US06075021800","Census Tract 218",,,,2532,755,691,64,371,50,103,83,61,1109,29.82,27.29,2.53,14.65,1.97,4.07,3.28,2.41,43.8
"06075022600","Census Tract 226, San Francisco County, California","ca","140","00",,,,"06","075",,,"022600",,,,,,,,,,,,,,".",".",,,,,,,,,,,,,,"1400000US06075022600","Census Tract 226",,,,3529,790,652,138,577,18,268,747,141,988,22.39,18.48,3.91,16.35,0.51,7.59,21.17,4,28
"06075022702","Census Tract 227.02, San Francisco County, California","ca","140","00",,,,"06","075",,,"022702",,,,,,,,,,,,,,".",".",,,,,,,,,,,,,,"1400000US06075022702","Census Tract 227.02",,,,1478,375,321,54,167,0,117,202,0,617,25.37,21.72,3.65,11.3,0,7.92,13.67,0,41.75
"06075022704","Census Tract 227.04, San Francisco County, California","ca","140","00",,,,"06","075",,,"022704",,,,,,,,,,,,,,".",".",,,,,,,,,,,,,,"1400000US06075022704","Census Tract 227.04",,,,2573,993,838,155,195,16,202,151,30,986,38.59,32.57,6.02,7.58,0.62,7.85,5.87,1.17,38.32
"06075022801","Census Tract 228.01, San Francisco County, California","ca","140","00",,,,"06","075",,,"022801",,,,,,,,,,,,,,".",".",,,,,,,,,,,,,,"1400000US06075022801","Census Tract 228.01",,,,2714,1010,892,118,473,0,169,275,33,754,37.21,32.87,4.35,17.43,0,6.23,10.13,1.22,27.78
"06075022802","Census Tract 228.02, San Francisco County, California","ca","140","00",,,,"06","075",,,"022802",,,,,,,,,,,,,,".",".",,,,,,,,,,,,,,"1400000US06075022802","Census Tract 228.02",,,,1062,298,260,38,205,13,53,111,14,368,28.06,24.48,3.58,19.3,1.22,4.99,10.45,1.32,34.65
"06075022803","Census Tract 228.03, San Francisco County, California","ca","140","00",,,,"06","075",,,"022803",,,,,,,,,,,,,,".",".",,,,,,,,,,,,,,"1400000US06075022803","Census Tract 228.03",,,,2351,991,836,155,470,10,173,149,44,514,42.15,35.56,6.59,19.99,0.43,7.36,6.34,1.87,21.86
"06075022901","Census Tract 229.01, San Francisco County, California","ca","140","00",,,,"06","075",,,"022901",,,,,,,,,,,,,,".",".",,,,,,,,,,,,,,"1400000US06075022901","Census Tract 229.01",,,,2456,1085,837,248,621,10,129,104,15,492,44.18,34.08,10.1,25.29,0.41,5.25,4.23,0.61,20.03
"06075022902","Census Tract 229.02, San Francisco County, California","ca","140","00",,,,"06","075",,,"022902",,,,,,,,,,,,,,".",".",,,,,,,,,,,,,,"1400000US06075022902","Census Tract 229.02",,,,1186,421,361,60,261,20,65,93,0,326,35.5,30.44,5.06,22.01,1.69,5.48,7.84,0,27.49
"06075022903","Census Tract 229.03, San Francisco County, California","ca","140","00",,,,"06","075",,,"022903",,,,,,,,,,,,,,".",".",,,,,,,,,,,,,,"1400000US06075022903","Census Tract 229.03",,,,1851,428,359,69,409,0,226,173,22,593,23.12,19.39,3.73,22.1,0,12.21,9.35,1.19,32.04
"06075023001","Census Tract 230.01, San Francisco County, California","ca","140","00",,,,"06","075",,,"023001",,,,,,,,,,,,,,".",".",,,,,,,,,,,,,,"1400000US06075023001","Census Tract 230.01",,,,2735,1742,1358,384,705,0,20,63,0,205,63.69,49.65,14.04,25.78,0,0.73,2.3,0,7.5
"06075023003","Census Tract 230.03, San Francisco County, California","ca","140","00",,,,"06","075",,,"023003",,,,,,,,,,,,,,".",".",,,,,,,,,,,,,,"1400000US06075023003","Census Tract 230.03",,,,1956,1300,914,386,273,0,36,85,32,230,66.46,46.73,19.73,13.96,0,1.84,4.35,1.64,11.76
"06075023102","Census Tract 231.02, San Francisco County, California","ca","140","00",,,,"06","075",,,"023102",,,,,,,,,,,,,,".",".",,,,,,,,,,,,,,"1400000US06075023102","Census Tract 231.02",,,,1173,608,524,84,440,0,0,0,0,125,51.83,44.67,7.16,37.51,0,0,0,0,10.66
"06075023103","Census Tract 231.03, San Francisco County, California","ca","140","00",,,,"06","075",,,"023103",,,,,,,,,,,,,,".",".",,,,,,,,,,,,,,"1400000US06075023103","Census Tract 231.03",,,,1179,687,649,38,273,10,26,59,14,110,58.27,55.05,3.22,23.16,0.85,2.21,5,1.19,9.33
"06075023200","Census Tract 232, San Francisco County, California","ca","140","00",,,,"06","075",,,"023200",,,,,,,,,,,,,,".",".",,,,,,,,,,,,,,"1400000US06075023200","Census Tract 232",,,,1950,1018,668,350,394,84,49,71,29,305,52.21,34.26,17.95,20.21,4.31,2.51,3.64,1.49,15.64
"06075023300","Census Tract 233, San Francisco County, California","ca","140","00",,,,"06","075",,,"023300",,,,,,,,,,,,,,".",".",,,,,,,,,,,,,,"1400000US06075023300","Census Tract 233",,,,1879,1098,940,158,477,0,6,56,16,226,58.44,50.03,8.41,25.39,0,0.32,2.98,0.85,12.03
"06075023400","Census Tract 234, San Francisco County, California","ca","140","00",,,,"06","075",,,"023400",,,,,,,,,,,,,,".",".",,,,,,,,,,,,,,"1400000US06075023400","Census Tract 234",,,,1552,1050,909,141,386,27,11,0,8,70,67.65,58.57,9.09,24.87,1.74,0.71,0,0.52,4.51
"06075025100","Census Tract 251, San Francisco County, California","ca","140","00",,,,"06","075",,,"025100",,,,,,,,,,,,,,".",".",,,,,,,,,,,,,,"1400000US06075025100","Census Tract 251",,,,1843,767,698,69,264,11,136,23,0,642,41.62,37.87,3.74,14.32,0.6,7.38,1.25,0,34.83
"06075025200","Census Tract 252, San Francisco County, California","ca","140","00",,,,"06","075",,,"025200",,,,,,,,,,,,,,".",".",,,,,,,,,,,,,,"1400000US06075025200","Census Tract 252",,,,3079,1051,927,124,500,92,401,143,0,892,34.13,30.11,4.03,16.24,2.99,13.02,4.64,0,28.97
"06075025300","Census Tract 253, San Francisco County, California","ca","140","00",,,,"06","075",,,"025300",,,,,,,,,,,,,,".",".",,,,,,,,,,,,,,"1400000US06075025300","Census Tract 253",,,,2834,1327,1143,184,404,2,133,16,55,897,46.82,40.33,6.49,14.26,0.07,4.69,0.56,1.94,31.65
"06075025401","Census Tract 254.01, San Francisco County, California","ca","140","00",,,,"06","075",,,"025401",,,,,,,,,,,,,,".",".",,,,,,,,,,,,,,"1400000US06075025401","Census Tract 254.01",,,,1907,663,550,113,249,12,306,36,0,641,34.77,28.84,5.93,13.06,0.63,16.05,1.89,0,33.61
"06075025402","Census Tract 254.02, San Francisco County, California","ca","140","00",,,,"06","075",,,"025402",,,,,,,,,,,,,,".",".",,,,,,,,,,,,,,"1400000US06075025402","Census Tract 254.02",,,,1728,1024,868,156,188,20,70,76,28,322,59.26,50.23,9.03,10.88,1.16,4.05,4.4,1.62,18.63
"06075025403","Census Tract 254.03, San Francisco County, California","ca","140","00",,,,"06","075",,,"025403",,,,,,,,,,,,,,".",".",,,,,,,,,,,,,,"1400000US06075025403","Census Tract 254.03",,,,2243,1142,749,393,375,12,90,30,44,550,50.91,33.39,17.52,16.72,0.53,4.01,1.34,1.96,24.52
"06075025501","Census Tract 255.01, San Francisco County, California","ca","140","00",,,,"06","075",,,"025501",,,,,,,,,,,,,,".",".",,,,,,,,,,,,,,"1400000US06075025501","Census Tract 255.01",,,,2009,606,516,90,576,0,34,2,301,490,30.16,25.68,4.48,28.67,0,1.69,0.1,14.98,24.39
"06075025502","Census Tract 255.02, San Francisco County, California","ca","140","00",,,,"06","075",,,"025502",,,,,,,,,,,,,,".",".",,,,,,,,,,,,,,"1400000US06075025502","Census Tract 255.02",,,,1846,872,783,89,434,0,0,46,41,453,47.24,42.42,4.82,23.51,0,0,2.49,2.22,24.54
"06075025600","Census Tract 256, San Francisco County, California","ca","140","00",,,,"06","075",,,"025600",,,,,,,,,,,,,,".",".",,,,,,,,,,,,,,"1400000US06075025600","Census Tract 256",,,,3000,1458,985,473,836,26,19,40,15,606,48.6,32.83,15.77,27.87,0.87,0.63,1.33,0.5,20.2
"06075025701","Census Tract 257.01, San Francisco County, California","ca","140","00",,,,"06","075",,,"025701",,,,,,,,,,,,,,".",".",,,,,,,,,,,,,,"1400000US06075025701","Census Tract 257.01",,,,2679,1534,1132,402,648,0,45,70,0,382,57.26,42.25,15.01,24.19,0,1.68,2.61,0,14.26
"06075025702","Census Tract 257.02, San Francisco County, California","ca","140","00",,,,"06","075",,,"025702",,,,,,,,,,,,,,".",".",,,,,,,,,,,,,,"1400000US06075025702","Census Tract 257.02",,,,1887,1288,753,535,404,0,0,13,0,182,68.26,39.9,28.35,21.41,0,0,0.69,0,9.64
"06075025800","Census Tract 258, San Francisco County, California","ca","140","00",,,,"06","075",,,"025800",,,,,,,,,,,,,,".",".",,,,,,,,,,,,,,"1400000US06075025800","Census Tract 258",,,,836,418,332,86,208,10,5,16,39,140,50,39.71,10.29,24.88,1.2,0.6,1.91,4.67,16.75
"06075025900","Census Tract 259, San Francisco County, California","ca","140","00",,,,"06","075",,,"025900",,,,,,,,,,,,,,".",".",,,,,,,,,,,,,,"1400000US06075025900","Census Tract 259",,,,2210,1599,1427,172,224,0,37,24,19,307,72.35,64.57,7.78,10.14,0,1.67,1.09,0.86,13.89
"06075026001","Census Tract 260.01, San Francisco County, California","ca","140","00",,,,"06","075",,,"026001",,,,,,,,,,,,,,".",".",,,,,,,,,,,,,,"1400000US06075026001","Census Tract 260.01",,,,3197,1646,1263,383,1020,55,27,25,28,396,51.49,39.51,11.98,31.9,1.72,0.84,0.78,0.88,12.39
"06075026002","Census Tract 260.02, San Francisco County, California","ca","140","00",,,,"06","075",,,"026002",,,,,,,,,,,,,,".",".",,,,,,,,,,,,,,"1400000US06075026002","Census Tract 260.02",,,,1570,898,689,209,304,0,6,8,51,303,57.2,43.89,13.31,19.36,0,0.38,0.51,3.25,19.3
"06075026003","Census Tract 260.03, San Francisco County, California","ca","140","00",,,,"06","075",,,"026003",,,,,,,,,,,,,,".",".",,,,,,,,,,,,,,"1400000US06075026003","Census Tract 260.03",,,,2366,1380,983,397,476,0,20,65,0,425,58.33,41.55,16.78,20.12,0,0.85,2.75,0,17.96
"06075026004","Census Tract 260.04, San Francisco County, California","ca","140","00",,,,"06","075",,,"026004",,,,,,,,,,,,,,".",".",,,,,,,,,,,,,,"1400000US06075026004","Census Tract 260.04",,,,2296,1230,1067,163,500,0,0,15,51,500,53.57,46.47,7.1,21.78,0,0,0.65,2.22,21.78
"06075026100","Census Tract 261, San Francisco County, California","ca","140","00",,,,"06","075",,,"026100",,,,,,,,,,,,,,".",".",,,,,,,,,,,,,,"1400000US06075026100","Census Tract 261",,,,3397,1359,1121,238,1183,26,46,64,67,652,40.01,33,7.01,34.82,0.77,1.35,1.88,1.97,19.19
"06075026201","Census Tract 262.01, San Francisco County, California","ca","140","00",,,,"06","075",,,"026201",,,,,,,,,,,,,,".",".",,,,,,,,,,,,,,"1400000US06075026201","Census Tract 262.01",,,,1994,1032,785,247,490,0,0,24,129,319,51.76,39.37,12.39,24.57,0,0,1.2,6.47,16
"06075026202","Census Tract 262.02, San Francisco County, California","ca","140","00",,,,"06","075",,,"026202",,,,,,,,,,,,,,".",".",,,,,,,,,,,,,,"1400000US06075026202","Census Tract 262.02",,,,2001,1115,932,183,708,7,8,23,36,104,55.72,46.58,9.15,35.38,0.35,0.4,1.15,1.8,5.2
"06075026301","Census Tract 263.01, San Francisco County, California","ca","140","00",,,,"06","075",,,"026301",,,,,,,,,,,,,,".",".",,,,,,,,,,,,,,"1400000US06075026301","Census Tract 263.01",,,,2048,1118,841,277,541,4,0,139,0,246,54.59,41.06,13.53,26.42,0.2,0,6.79,0,12.01
"06075026302","Census Tract 263.02, San Francisco County, California","ca","140","00",,,,"06","075",,,"026302",,,,,,,,,,,,,,".",".",,,,,,,,,,,,,,"1400000US06075026302","Census Tract 263.02",,,,2335,1686,1410,276,510,13,30,10,31,55,72.21,60.39,11.82,21.84,0.56,1.28,0.43,1.33,2.36
"06075026303","Census Tract 263.03, San Francisco County, California","ca","140","00",,,,"06","075",,,"026303",,,,,,,,,,,,,,".",".",,,,,,,,,,,,,,"1400000US06075026303","Census Tract 263.03",,,,2386,1310,1099,211,727,0,44,31,0,274,54.9,46.06,8.84,30.47,0,1.84,1.3,0,11.48
"06075026401","Census Tract 264.01, San Francisco County, California","ca","140","00",,,,"06","075",,,"026401",,,,,,,,,,,,,,".",".",,,,,,,,,,,,,,"1400000US06075026401","Census Tract 264.01",,,,1592,1070,861,209,373,0,0,33,14,102,67.21,54.08,13.13,23.43,0,0,2.07,0.88,6.41
"06075026402","Census Tract 264.02, San Francisco County, California","ca","140","00",,,,"06","075",,,"026402",,,,,,,,,,,,,,".",".",,,,,,,,,,,,,,"1400000US06075026402","Census Tract 264.02",,,,2370,1668,1225,443,390,0,7,0,0,305,70.38,51.69,18.69,16.46,0,0.3,0,0,12.87
"06075026403","Census Tract 264.03, San Francisco County, California","ca","140","00",,,,"06","075",,,"026403",,,,,,,,,,,,,,".",".",,,,,,,,,,,,,,"1400000US06075026403","Census Tract 264.03",,,,1595,1077,849,228,340,0,0,0,49,129,67.52,53.23,14.29,21.32,0,0,0,3.07,8.09
"06075026404","Census Tract 264.04, San Francisco County, California","ca","140","00",,,,"06","075",,,"026404",,,,,,,,,,,,,,".",".",,,,,,,,,,,,,,"1400000US06075026404","Census Tract 264.04",,,,1187,725,504,221,297,0,0,44,0,121,61.08,42.46,18.62,25.02,0,0,3.71,0,10.19
"06075030101","Census Tract 301.01, San Francisco County, California","ca","140","00",,,,"06","075",,,"030101",,,,,,,,,,,,,,".",".",,,,,,,,,,,,,,"1400000US06075030101","Census Tract 301.01",,,,2872,544,489,55,538,0,145,1001,23,621,18.94,17.03,1.92,18.73,0,5.05,34.85,0.8,21.62
"06075030102","Census Tract 301.02, San Francisco County, California","ca","140","00",,,,"06","075",,,"030102",,,,,,,,,,,,,,".",".",,,,,,,,,,,,,,"1400000US06075030102","Census Tract 301.02",,,,2744,770,527,243,540,20,59,497,69,789,28.06,19.21,8.86,19.68,0.73,2.15,18.11,2.51,28.75
"06075030201","Census Tract 302.01, San Francisco County, California","ca","140","00",,,,"06","075",,,"030201",,,,,,,,,,,,,,".",".",,,,,,,,,,,,,,"1400000US06075030201","Census Tract 302.01",,,,2327,879,690,189,689,11,112,100,27,509,37.77,29.65,8.12,29.61,0.47,4.81,4.3,1.16,21.87
"06075030202","Census Tract 302.02, San Francisco County, California","ca","140","00",,,,"06","075",,,"030202",,,,,,,,,,,,,,".",".",,,,,,,,,,,,,,"1400000US06075030202","Census Tract 302.02",,,,2415,626,574,52,838,0,4,205,73,669,25.92,23.77,2.15,34.7,0,0.17,8.49,3.02,27.7
"06075030301","Census Tract 303.01, San Francisco County, California","ca","140","00",,,,"06","075",,,"030301",,,,,,,,,,,,,,".",".",,,,,,,,,,,,,,"1400000US06075030301","Census Tract 303.01",,,,3717,1561,1375,186,420,69,170,169,59,1269,42,36.99,5,11.3,1.86,4.57,4.55,1.59,34.14
"06075030302","Census Tract 303.02, San Francisco County, California","ca","140","00",,,,"06","075",,,"030302",,,,,,,,,,,,,,".",".",,,,,,,,,,,,,,"1400000US06075030302","Census Tract 303.02",,,,1918,987,795,192,291,0,18,35,36,551,51.46,41.45,10.01,15.17,0,0.94,1.82,1.88,28.73
"06075030400","Census Tract 304, San Francisco County, California","ca","140","00",,,,"06","075",,,"030400",,,,,,,,,,,,,,".",".",,,,,,,,,,,,,,"1400000US06075030400","Census Tract 304",,,,2205,991,716,275,430,0,28,47,19,690,44.94,32.47,12.47,19.5,0,1.27,2.13,0.86,31.29
"06075030500","Census Tract 305, San Francisco County, California","ca","140","00",,,,"06","075",,,"030500",,,,,,,,,,,,,,".",".",,,,,,,,,,,,,,"1400000US06075030500","Census Tract 305",,,,1516,903,846,57,111,0,0,0,24,478,59.56,55.8,3.76,7.32,0,0,0,1.58,31.53
"06075030600","Census Tract 306, San Francisco County, California","ca","140","00",,,,"06","075",,,"030600",,,,,,,,,,,,,,".",".",,,,,,,,,,,,,,"1400000US06075030600","Census Tract 306",,,,1326,585,539,46,224,0,0,27,0,490,44.12,40.65,3.47,16.89,0,0,2.04,0,36.95
"06075030700","Census Tract 307, San Francisco County, California","ca","140","00",,,,"06","075",,,"030700",,,,,,,,,,,,,,".",".",,,,,,,,,,,,,,"1400000US06075030700","Census Tract 307",,,,2957,1470,1271,199,444,71,191,102,0,679,49.71,42.98,6.73,15.02,2.4,6.46,3.45,0,22.96
"06075030800","Census Tract 308, San Francisco County, California","ca","140","00",,,,"06","075",,,"030800",,,,,,,,,,,,,,".",".",,,,,,,,,,,,,,"1400000US06075030800","Census Tract 308",,,,3112,1214,1078,136,564,0,20,71,28,1215,39.01,34.64,4.37,18.12,0,0.64,2.28,0.9,39.04
"06075030900","Census Tract 309, San Francisco County, California","ca","140","00",,,,"06","075",,,"030900",,,,,,,,,,,,,,".",".",,,,,,,,,,,,,,"1400000US06075030900","Census Tract 309",,,,3119,1441,1044,397,536,0,25,144,13,960,46.2,33.47,12.73,17.18,0,0.8,4.62,0.42,30.78
"06075031000","Census Tract 310, San Francisco County, California","ca","140","00",,,,"06","075",,,"031000",,,,,,,,,,,,,,".",".",,,,,,,,,,,,,,"1400000US06075031000","Census Tract 310",,,,2122,1029,932,97,220,0,12,61,92,708,48.49,43.92,4.57,10.37,0,0.57,2.87,4.34,33.36
"06075031100","Census Tract 311, San Francisco County, California","ca","140","00",,,,"06","075",,,"031100",,,,,,,,,,,,,,".",".",,,,,,,,,,,,,,"1400000US06075031100","Census Tract 311",,,,3863,1603,1388,215,863,37,36,1,126,1197,41.5,35.93,5.57,22.34,0.96,0.93,0.03,3.26,30.99
"06075031201","Census Tract 312.01, San Francisco County, California","ca","140","00",,,,"06","075",,,"031201",,,,,,,,,,,,,,".",".",,,,,,,,,,,,,,"1400000US06075031201","Census Tract 312.01",,,,3115,1682,1338,344,845,0,16,55,57,460,54,42.95,11.04,27.13,0,0.51,1.77,1.83,14.77
"06075031202","Census Tract 312.02, San Francisco County, California","ca","140","00",,,,"06","075",,,"031202",,,,,,,,,,,,,,".",".",,,,,,,,,,,,,,"1400000US06075031202","Census Tract 312.02",,,,1398,779,600,179,247,4,19,6,21,322,55.72,42.92,12.8,17.67,0.29,1.36,0.43,1.5,23.03
"06075031301","Census Tract 313.01, San Francisco County, California","ca","140","00",,,,"06","075",,,"031301",,,,,,,,,,,,,,".",".",,,,,,,,,,,,,,"1400000US06075031301","Census Tract 313.01",,,,2176,1274,1138,136,313,22,50,112,28,377,58.55,52.3,6.25,14.38,1.01,2.3,5.15,1.29,17.33
"06075031302","Census Tract 313.02, San Francisco County, California","ca","140","00",,,,"06","075",,,"031302",,,,,,,,,,,,,,".",".",,,,,,,,,,,,,,"1400000US06075031302","Census Tract 313.02",,,,2626,1323,847,476,595,0,7,22,0,679,50.38,32.25,18.13,22.66,0,0.27,0.84,0,25.86
"06075031401","Census Tract 314.01, San Francisco County, California","ca","140","00",,,,"06","075",,,"031401",,,,,,,,,,,,,,".",".",,,,,,,,,,,,,,"1400000US06075031401","Census Tract 314.01",,,,1411,896,663,233,375,11,0,6,27,96,63.5,46.99,16.51,26.58,0.78,0,0.43,1.91,6.8
"06075031402","Census Tract 314.02, San Francisco County, California","ca","140","00",,,,"06","075",,,"031402",,,,,,,,,,,,,,".",".",,,,,,,,,,,,,,"1400000US06075031402","Census Tract 314.02",,,,2566,1489,1062,427,382,0,0,29,14,652,58.03,41.39,16.64,14.89,0,0,1.13,0.55,25.41
"06075032601","Census Tract 326.01, San Francisco County, California","ca","140","00",,,,"06","075",,,"032601",,,,,,,,,,,,,,".",".",,,,,,,,,,,,,,"1400000US06075032601","Census Tract 326.01",,,,2479,1091,849,242,458,13,112,80,160,565,44.01,34.25,9.76,18.48,0.52,4.52,3.23,6.45,22.79
"06075032602","Census Tract 326.02, San Francisco County, California","ca","140","00",,,,"06","075",,,"032602",,,,,,,,,,,,,,".",".",,,,,,,,,,,,,,"1400000US06075032602","Census Tract 326.02",,,,2051,1029,718,311,311,18,27,173,25,468,50.17,35.01,15.16,15.16,0.88,1.32,8.43,1.22,22.82
"06075032700","Census Tract 327, San Francisco County, California","ca","140","00",,,,"06","075",,,"032700",,,,,,,,,,,,,,".",".",,,,,,,,,,,,,,"1400000US06075032700","Census Tract 327",,,,3540,1309,1257,52,681,66,127,372,122,863,36.98,35.51,1.47,19.24,1.86,3.59,10.51,3.45,24.38
"06075032801","Census Tract 328.01, San Francisco County, California","ca","140","00",,,,"06","075",,,"032801",,,,,,,,,,,,,,".",".",,,,,,,,,,,,,,"1400000US06075032801","Census Tract 328.01",,,,1908,1122,1015,107,369,0,8,110,11,288,58.81,53.2,5.61,19.34,0,0.42,5.77,0.58,15.09
"06075032802","Census Tract 328.02, San Francisco County, California","ca","140","00",,,,"06","075",,,"032802",,,,,,,,,,,,,,".",".",,,,,,,,,,,,,,"1400000US06075032802","Census Tract 328.02",,,,2234,1181,902,279,483,0,42,36,76,416,52.86,40.38,12.49,21.62,0,1.88,1.61,3.4,18.62
"06075032901","Census Tract 329.01, San Francisco County, California","ca","140","00",,,,"06","075",,,"032901",,,,,,,,,,,,,,".",".",,,,,,,,,,,,,,"1400000US06075032901","Census Tract 329.01",,,,2688,1218,912,306,696,0,0,156,8,610,45.31,33.93,11.38,25.89,0,0,5.8,0.3,22.69
"06075032902","Census Tract 329.02, San Francisco County, California","ca","140","00",,,,"06","075",,,"032902",,,,,,,,,,,,,,".",".",,,,,,,,,,,,,,"1400000US06075032902","Census Tract 329.02",,,,1667,990,814,176,348,32,17,6,45,229,59.39,48.83,10.56,20.88,1.92,1.02,0.36,2.7,13.74
"06075033001","Census Tract 330.01, San Francisco County, California","ca","140","00",,,,"06","075",,,"033001",,,,,,,,,,,,,,".",".",,,,,,,,,,,,,,"1400000US06075033001","Census Tract 330.01",,,,2090,985,861,124,439,0,1,92,134,439,47.13,41.2,5.93,21,0,0.05,4.4,6.41,21
"06075033002","Census Tract 330.02, San Francisco County, California","ca","140","00",,,,"06","075",,,"033002",,,,,,,,,,,,,,".",".",,,,,,,,,,,,,,"1400000US06075033002","Census Tract 330.02",,,,2157,943,726,217,485,0,0,89,12,628,43.72,33.66,10.06,22.48,0,0,4.13,0.56,29.11
"06075033100","Census Tract 331, San Francisco County, California","ca","140","00",,,,"06","075",,,"033100",,,,,,,,,,,,,,".",".",,,,,,,,,,,,,,"1400000US06075033100","Census Tract 331",,,,1646,906,792,114,150,0,4,39,27,520,55.04,48.12,6.93,9.11,0,0.24,2.37,1.64,31.59
"06075033201","Census Tract 332.01, San Francisco County, California","ca","140","00",,,,"06","075",,,"033201",,,,,,,,,,,,,,".",".",,,,,,,,,,,,,,"1400000US06075033201","Census Tract 332.01",,,,1711,330,287,43,552,0,14,483,27,305,19.29,16.77,2.51,32.26,0,0.82,28.23,1.58,17.83
"06075033203","Census Tract 332.03, San Francisco County, California","ca","140","00",,,,"06","075",,,"033203",,,,,,,,,,,,,,".",".",,,,,,,,,,,,,,"1400000US06075033203","Census Tract 332.03",,,,1668,974,804,170,343,0,0,51,0,300,58.39,48.2,10.19,20.56,0,0,3.06,0,17.99
"06075033204","Census Tract 332.04, San Francisco County, California","ca","140","00",,,,"06","075",,,"033204",,,,,,,,,,,,,,".",".",,,,,,,,,,,,,,"1400000US06075033204","Census Tract 332.04",,,,1537,923,848,75,321,9,27,103,0,154,60.05,55.17,4.88,20.88,0.59,1.76,6.7,0,10.02
"06075035101","Census Tract 351.01, San Francisco County, California","ca","140","00",,,,"06","075",,,"035101",,,,,,,,,,,,,,".",".",,,,,,,,,,,,,,"1400000US06075035101","Census Tract 351.01",,,,1774,1029,884,145,206,61,116,12,119,231,58,49.83,8.17,11.61,3.44,6.54,0.68,6.71,13.02
"06075035102","Census Tract 351.02, San Francisco County, California","ca","140","00",,,,"06","075",,,"035102",,,,,,,,,,,,,,".",".",,,,,,,,,,,,,,"1400000US06075035102","Census Tract 351.02",,,,1825,990,867,123,429,0,31,53,32,290,54.25,47.51,6.74,23.51,0,1.7,2.9,1.75,15.89
"06075035201","Census Tract 352.01, San Francisco County, California","ca","140","00",,,,"06","075",,,"035201",,,,,,,,,,,,,,".",".",,,,,,,,,,,,,,"1400000US06075035201","Census Tract 352.01",,,,2705,1551,1214,337,406,7,95,33,68,545,57.34,44.88,12.46,15.01,0.26,3.51,1.22,2.51,20.15
"06075035202","Census Tract 352.02, San Francisco County, California","ca","140","00",,,,"06","075",,,"035202",,,,,,,,,,,,,,".",".",,,,,,,,,,,,,,"1400000US06075035202","Census Tract 352.02",,,,2566,1106,867,239,705,8,40,112,22,573,43.1,33.79,9.31,27.47,0.31,1.56,4.36,0.86,22.33
"06075035300","Census Tract 353, San Francisco County, California","ca","140","00",,,,"06","075",,,"035300",,,,,,,,,,,,,,".",".",,,,,,,,,,,,,,"1400000US06075035300","Census Tract 353",,,,3644,1690,1465,225,706,0,148,69,69,962,46.38,40.2,6.17,19.37,0,4.06,1.89,1.89,26.4
"06075035400","Census Tract 354, San Francisco County, California","ca","140","00",,,,"06","075",,,"035400",,,,,,,,,,,,,,".",".",,,,,,,,,,,,,,"1400000US06075035400","Census Tract 354",,,,3176,1693,1500,193,682,0,231,0,35,535,53.31,47.23,6.08,21.47,0,7.27,0,1.1,16.85
"06075040100","Census Tract 401, San Francisco County, California","ca","140","00",,,,"06","075",,,"040100",,,,,,,,,,,,,,".",".",,,,,,,,,,,,,,"1400000US06075040100","Census Tract 401",,,,2542,774,660,114,776,24,23,224,4,717,30.45,25.96,4.48,30.53,0.94,0.9,8.81,0.16,28.21
"06075040200","Census Tract 402, San Francisco County, California","ca","140","00",,,,"06","075",,,"040200",,,,,,,,,,,,,,".",".",,,,,,,,,,,,,,"1400000US06075040200","Census Tract 402",,,,3122,1235,951,284,590,0,73,100,41,1083,39.56,30.46,9.1,18.9,0,2.34,3.2,1.31,34.69
"06075042601","Census Tract 426.01, San Francisco County, California","ca","140","00",,,,"06","075",,,"042601",,,,,,,,,,,,,,".",".",,,,,,,,,,,,,,"1400000US06075042601","Census Tract 426.01",,,,2028,719,700,19,547,24,39,60,66,573,35.45,34.52,0.94,26.97,1.18,1.92,2.96,3.25,28.25
"06075042602","Census Tract 426.02, San Francisco County, California","ca","140","00",,,,"06","075",,,"042602",,,,,,,,,,,,,,".",".",,,,,,,,,,,,,,"1400000US06075042602","Census Tract 426.02",,,,1784,732,597,135,315,0,35,74,43,585,41.03,33.46,7.57,17.66,0,1.96,4.15,2.41,32.79
"06075042700","Census Tract 427, San Francisco County, California","ca","140","00",,,,"06","075",,,"042700",,,,,,,,,,,,,,".",".",,,,,,,,,,,,,,"1400000US06075042700","Census Tract 427",,,,3006,1704,1160,544,573,0,50,125,16,538,56.69,38.59,18.1,19.06,0,1.66,4.16,0.53,17.9
"06075042800","Census Tract 428, San Francisco County, California","ca","140","00",,,,"06","075",,,"042800",,,,,,,,,,,,,,".",".",,,,,,,,,,,,,,"1400000US06075042800","Census Tract 428",,,,1211,535,473,62,77,0,19,54,0,526,44.18,39.06,5.12,6.36,0,1.57,4.46,0,43.44
"06075045100","Census Tract 451, San Francisco County, California","ca","140","00",,,,"06","075",,,"045100",,,,,,,,,,,,,,".",".",,,,,,,,,,,,,,"1400000US06075045100","Census Tract 451",,,,2827,868,730,138,586,0,119,105,133,1016,30.7,25.82,4.88,20.73,0,4.21,3.71,4.7,35.94
"06075045201","Census Tract 452.01, San Francisco County, California","ca","140","00",,,,"06","075",,,"045201",,,,,,,,,,,,,,".",".",,,,,,,,,,,,,,"1400000US06075045201","Census Tract 452.01",,,,1763,605,581,24,524,0,126,75,41,392,34.32,32.96,1.36,29.72,0,7.15,4.25,2.33,22.23
"06075045202","Census Tract 452.02, San Francisco County, California","ca","140","00",,,,"06","075",,,"045202",,,,,,,,,,,,,,".",".",,,,,,,,,,,,,,"1400000US06075045202","Census Tract 452.02",,,,1847,760,639,121,285,11,162,50,55,524,41.15,34.6,6.55,15.43,0.6,8.77,2.71,2.98,28.37
"06075047600","Census Tract 476, San Francisco County, California","ca","140","00",,,,"06","075",,,"047600",,,,,,,,,,,,,,".",".",,,,,,,,,,,,,,"1400000US06075047600","Census Tract 476",,,,3075,1127,717,410,570,110,112,89,21,1046,36.65,23.32,13.33,18.54,3.58,3.64,2.89,0.68,34.02
"06075047701","Census Tract 477.01, San Francisco County, California","ca","140","00",,,,"06","075",,,"047701",,,,,,,,,,,,,,".",".",,,,,,,,,,,,,,"1400000US06075047701","Census Tract 477.01",,,,2578,835,743,92,616,13,76,85,10,943,32.39,28.82,3.57,23.89,0.5,2.95,3.3,0.39,36.58
"06075047702","Census Tract 477.02, San Francisco County, California","ca","140","00",,,,"06","075",,,"047702",,,,,,,,,,,,,,".",".",,,,,,,,,,,,,,"1400000US06075047702","Census Tract 477.02",,,,1887,818,740,78,248,39,98,71,42,571,43.35,39.22,4.13,13.14,2.07,5.19,3.76,2.23,30.26
"06075047801","Census Tract 478.01, San Francisco County, California","ca","140","00",,,,"06","075",,,"047801",,,,,,,,,,,,,,".",".",,,,,,,,,,,,,,"1400000US06075047801","Census Tract 478.01",,,,2528,1171,958,213,508,0,20,101,77,651,46.32,37.9,8.43,20.09,0,0.79,4,3.05,25.75
"06075047802","Census Tract 478.02, San Francisco County, California","ca","140","00",,,,"06","075",,,"047802",,,,,,,,,,,,,,".",".",,,,,,,,,,,,,,"1400000US06075047802","Census Tract 478.02",,,,1997,840,699,141,473,0,43,127,25,489,42.06,35,7.06,23.69,0,2.15,6.36,1.25,24.49
"06075047902","Census Tract 479.02, San Francisco County, California","ca","140","00",,,,"06","075",,,"047902",,,,,,,,,,,,,,".",".",,,,,,,,,,,,,,"1400000US06075047902","Census Tract 479.02",,,,1702,792,685,107,211,6,59,92,0,542,46.53,40.25,6.29,12.4,0.35,3.47,5.41,0,31.84
"06075047903","Census Tract 479.03, San Francisco County, California","ca","140","00",,,,"06","075",,,"047903",,,,,,,,,,,,,,".",".",,,,,,,,,,,,,,"1400000US06075047903","Census Tract 479.03",,,,1759,783,646,137,262,0,30,81,35,568,44.51,36.73,7.79,14.89,0,1.71,4.6,1.99,32.29
"06075047904","Census Tract 479.04, San Francisco County, California","ca","140","00",,,,"06","075",,,"047904",,,,,,,,,,,,,,".",".",,,,,,,,,,,,,,"1400000US06075047904","Census Tract 479.04",,,,1524,662,585,77,320,21,10,0,0,511,43.44,38.39,5.05,21,1.38,0.66,0,0,33.53
"06075060100","Census Tract 601, San Francisco County, California","ca","140","00",,,,"06","075",,,"060100",,,,,,,,,,,,,,".",".",,,,,,,,,,,,,,"1400000US06075060100","Census Tract 601",,,,2016,943,839,104,188,0,128,173,36,548,46.78,41.62,5.16,9.33,0,6.35,8.58,1.79,27.18
"06075060400","Census Tract 604, San Francisco County, California","ca","140","00",,,,"06","075",,,"060400",,,,,,,,,,,,,,".",".",,,,,,,,,,,,,,"1400000US06075060400","Census Tract 604",,,,923,501,432,69,76,0,30,21,18,277,54.28,46.8,7.48,8.23,0,3.25,2.28,1.95,30.01
"06075060502","Census Tract 605.02, San Francisco County, California","ca","140","00",,,,"06","075",,,"060502",,,,,,,,,,,,,,".",".",,,,,,,,,,,,,,"1400000US06075060502","Census Tract 605.02",,,,1147,712,649,63,288,0,6,23,0,118,62.07,56.58,5.49,25.11,0,0.52,2.01,0,10.29
"06075060701","Census Tract 607.01, San Francisco County, California","ca","140","00",,,,"06","075",,,"060701",,,,,,,,,,,,,,".",".",,,,,,,,,,,,,,"1400000US06075060701","Census Tract 607.01",,,,5493,1077,841,236,1013,43,149,996,16,2199,19.61,15.31,4.3,18.44,0.78,2.71,18.13,0.29,40.03
"06075060702","Census Tract 607.02, San Francisco County, California","ca","140","00",,,,"06","075",,,"060702",,,,,,,,,,,,,,".",".",,,,,,,,,,,,,,"1400000US06075060702","Census Tract 607.02",,,,1603,539,479,60,397,0,26,449,42,150,33.62,29.88,3.74,24.77,0,1.62,28.01,2.62,9.36
"06075060703","Census Tract 607.03, San Francisco County, California","ca","140","00",,,,"06","075",,,"060703",,,,,,,,,,,,,,".",".",,,,,,,,,,,,,,"1400000US06075060703","Census Tract 607.03",,,,4152,681,681,0,945,0,66,837,24,1599,16.4,16.4,0,22.76,0,1.59,20.16,0.58,38.51
"06075061000","Census Tract 610, San Francisco County, California","ca","140","00",,,,"06","075",,,"061000",,,,,,,,,,,,,,".",".",,,,,,,,,,,,,,"1400000US06075061000","Census Tract 610",,,,2339,1557,1212,345,208,28,0,21,31,494,66.57,51.82,14.75,8.89,1.2,0,0.9,1.33,21.12
"06075061101","Census Tract 611.01, San Francisco County, California","ca","140","00",,,,"06","075",,,"061101",,,,,,,,,,,,,,".",".",,,,,,,,,,,,,,"1400000US06075061101","Census Tract 611.01",,,,638,10,10,0,260,0,0,314,5,49,1.57,1.57,0,40.75,0,0,49.22,0.78,7.68
"06075061102","Census Tract 611.02, San Francisco County, California","ca","140","00",,,,"06","075",,,"061102",,,,,,,,,,,,,,".",".",,,,,,,,,,,,,,"1400000US06075061102","Census Tract 611.02",,,,867,119,119,0,243,0,0,429,0,76,13.73,13.73,0,28.03,0,0,49.48,0,8.77
"06075061200","Census Tract 612, San Francisco County, California","ca","140","00",,,,"06","075",,,"061200",,,,,,,,,,,,,,".",".",,,,,,,,,,,,,,"1400000US06075061200","Census Tract 612",,,,2185,1222,990,232,537,25,37,30,26,308,55.93,45.31,10.62,24.58,1.14,1.69,1.37,1.19,14.1
"06075061401","Census Tract 614.01, San Francisco County, California","ca","140","00",,,,"06","075",,,"061401",,,,,,,,,,,,,,".",".",,,,,,,,,,,,,,"1400000US06075061401","Census Tract 614.01",,,,1390,467,404,63,262,25,64,63,57,452,33.6,29.06,4.53,18.85,1.8,4.6,4.53,4.1,32.52
"06075061402","Census Tract 614.02, San Francisco County, California","ca","140","00",,,,"06","075",,,"061402",,,,,,,,,,,,,,".",".",,,,,,,,,,,,,,"1400000US06075061402","Census Tract 614.02",,,,1515,248,198,50,315,23,47,227,37,618,16.37,13.07,3.3,20.79,1.52,3.1,14.98,2.44,40.79
"06075061501","Census Tract 615.01, San Francisco County, California","ca","140","00",,,,"06","075",,,"061501",,,,,,,,,,,,,,".",".",,,,,,,,,,,,,,"1400000US06075061501","Census Tract 615.01",,,,1111,334,322,12,52,28,0,460,55,182,30.06,28.98,1.08,4.68,2.52,0,41.4,4.95,16.38
"06075061502","Census Tract 615.02, San Francisco County, California","ca","140","00",,,,"06","075",,,"061502",,,,,,,,,,,,,,".",".",,,,,,,,,,,,,,"1400000US06075061502","Census Tract 615.02",,,,1309,226,226,0,441,33,8,287,56,258,17.27,17.27,0,33.69,2.52,0.61,21.93,4.28,19.71
"06075061503","Census Tract 615.03, San Francisco County, California","ca","140","00",,,,"06","075",,,"061503",,,,,,,,,,,,,,".",".",,,,,,,,,,,,,,"1400000US06075061503","Census Tract 615.03",,,,2791,350,350,0,587,0,188,1083,0,583,12.54,12.54,0,21.03,0,6.74,38.8,0,20.89
"06075061504","Census Tract 615.04, San Francisco County, California","ca","140","00",,,,"06","075",,,"061504",,,,,,,,,,,,,,".",".",,,,,,,,,,,,,,"1400000US06075061504","Census Tract 615.04",,,,1547,166,160,6,142,0,54,506,0,679,10.73,10.34,0.39,9.18,0,3.49,32.71,0,43.89
"06075061505","Census Tract 615.05, San Francisco County, California","ca","140","00",,,,"06","075",,,"061505",,,,,,,,,,,,,,".",".",,,,,,,,,,,,,,"1400000US06075061505","Census Tract 615.05",,,,911,263,148,115,98,0,34,197,0,319,28.87,16.25,12.62,10.76,0,3.73,21.62,0,35.02
"06075061506","Census Tract 615.06, San Francisco County, California","ca","140","00",,,,"06","075",,,"061506",,,,,,,,,,,,,,".",".",,,,,,,,,,,,,,"1400000US06075061506","Census Tract 615.06",,,,3959,326,291,35,299,126,221,1046,63,1878,8.23,7.35,0.88,7.55,3.18,5.58,26.42,1.59,47.44
"06075061507","Census Tract 615.07, San Francisco County, California","ca","140","00",,,,"06","075",,,"061507",,,,,,,,,,,,,,".",".",,,,,,,,,,,,,,"1400000US06075061507","Census Tract 615.07",,,,1188,104,70,34,436,0,0,425,10,213,8.75,5.89,2.86,36.7,0,0,35.77,0.84,17.93
"06075061508","Census Tract 615.08, San Francisco County, California","ca","140","00",,,,"06","075",,,"061508",,,,,,,,,,,,,,".",".",,,,,,,,,,,,,,"1400000US06075061508","Census Tract 615.08",,,,1384,153,153,0,381,0,15,359,36,440,11.05,11.05,0,27.53,0,1.08,25.94,2.6,31.79
"06075980200","Census Tract 9802, San Francisco County, California","ca","140","00",,,,"06","075",,,"980200",,,,,,,,,,,,,,".",".",,,,,,,,,,,,,,"1400000US06075980200","Census Tract 9802",,,,0,0,0,0,0,0,0,0,0,0,,,,,,,,,
"06075980300","Census Tract 9803, San Francisco County, California","ca","140","00",,,,"06","075",,,"980300",,,,,,,,,,,,,,".",".",,,,,,,,,,,,,,"1400000US06075980300","Census Tract 9803",,,,30,12,8,4,4,0,0,5,0,9,40,26.67,13.33,13.33,0,0,16.67,0,30
"06075980401","Census Tract 9804.01, San Francisco County, California","ca","140","00",,,,"06","075",,,"980401",,,,,,,,,,,,,,".",".",,,,,,,,,,,,,,"1400000US06075980401","Census Tract 9804.01",,,,0,0,0,0,0,0,0,0,0,0,,,,,,,,,
"06075980501","Census Tract 9805.01, San Francisco County, California","ca","140","00",,,,"06","075",,,"980501",,,,,,,,,,,,,,".",".",,,,,,,,,,,,,,"1400000US06075980501","Census Tract 9805.01",,,,9,5,5,0,0,0,0,4,0,0,55.56,55.56,0,0,0,0,44.44,0,0
"06075980600","Census Tract 9806, San Francisco County, California","ca","140","00",,,,"06","075",,,"980600",,,,,,,,,,,,,,".",".",,,,,,,,,,,,,,"1400000US06075980600","Census Tract 9806",,,,741,391,327,64,99,18,13,6,17,197,52.77,44.13,8.64,13.36,2.43,1.75,0.81,2.29,26.59
"06075980900","Census Tract 9809, San Francisco County, California","ca","140","00",,,,"06","075",,,"980900",,,,,,,,,,,,,,".",".",,,,,,,,,,,,,,"1400000US06075980900","Census Tract 9809",,,,178,111,100,11,33,0,12,0,0,22,62.36,56.18,6.18,18.54,0,6.74,0,0,12.36
"06075990100","Census Tract 9901, San Francisco County, California","ca","140","00",,,,"06","075",,,"990100",,,,,,,,,,,,,,".",".",,,,,,,,,,,,,,"1400000US06075990100","Census Tract 9901",,,,0,0,0,0,0,0,0,0,0,0,,,,,,,,,
"06075990200","Census Tract 9902, San Francisco County, California","ca","140","00",,,,"06","075",,,"990200",,,,,,,,,,,,,,".",".",,,,,,,,,,,,,,"1400000US06075990200","Census Tract 9902",,,,0,0,0,0,0,0,0,0,0,0,,,,,,,,,
